user_id,registration_date,firstname,lastname,email,password
9260613,"2017-03-26 22:22:57",Anastasie,Alves,alix.didier@bouygtel.fr,voluptatemeius811
9463513,"2017-05-12 22:14:21",Isaac,Carlier,andree27@lacroix.fr,abvoluptatem964
10338153,"2018-01-10 23:08:07",Philippe,Wagner,stephane.verdier@vidal.net,velnulla89
10452943,"2018-02-19 18:50:35",Élise,Lagarde,francois43@fontaine.com,repellendusest216
9353343,"2017-04-18 10:39:13",Luce,Guyon,anne.lebreton@hotmail.fr,eosaut901
9560533,"2017-06-03 08:29:29",Alex,Petit,frederic.goncalves@ifrance.com,utenim579
9084523,"2017-02-14 22:43:32",Martine,Bonnin,descamps.christine@gmail.com,velvoluptas380
9080733,"2017-02-14 02:07:59",Charlotte,Guillet,dominique98@wanadoo.fr,quiest26
10092323,"2017-10-19 01:05:07",Philippine,Marques,leroux.edouard@laroche.fr,quovitae74
10579903,"2018-04-23 22:51:07",Margaret,Blot,michele.marty@gilles.net,oditqui416
9635723,"2017-06-25 21:26:39",Gabrielle,Chevalier,aime.roy@benard.com,mollitiaplaceat945
10128373,"2017-10-29 14:03:48",Marianne,Ledoux,michele.lemoine@vidal.net,consequatureius988
9391973,"2017-04-27 09:10:56",Inès,Langlois,sabine.bailly@brunel.org,aliasut418
10179523,"2017-11-13 12:45:59",Patrick,Brun,richard61@club-internet.fr,exercitationemmaxime577
9637413,"2017-06-26 12:01:30",Aurélie,Torres,mmartinez@hoareau.com,delectusqui822
9233953,"2017-03-19 19:55:13",Geneviève,Barbier,khoarau@durand.com,evenietrerum634
9064503,"2017-02-11 17:25:25",Marguerite,Martineau,godard.bertrand@wanadoo.fr,etconsectetur991
9108453,"2017-02-19 19:02:52",Xavier,Muller,mlacombe@hardy.com,sintnatus865
10274593,"2017-12-19 17:57:14",Emmanuelle,Blot,gregoire.sauvage@barthelemy.com,ullamminima830
10122413,"2017-10-27 20:25:07",Anouk,Morel,scollet@sfr.fr,inventorevoluptatem322
10146283,"2017-11-03 11:24:46",Marc,Guillet,juliette.martineau@fouquet.fr,nonaut310
9006063,"2017-01-31 10:43:09",Christiane,Remy,gilbert73@lenoir.com,animisequi792
10205893,"2017-11-22 23:48:22",Guy,Pottier,ineveu@pichon.com,ametautem888
9354463,"2017-04-18 15:58:21",Camille,Ferreira,brun.charles@gmail.com,nequedolore800
9686533,"2017-07-09 22:33:01",Stéphane,"De Oliveira",leleu.denis@ifrance.com,iustoplaceat240
10035023,"2017-10-02 13:03:01",Margot,Lopes,vgregoire@lebrun.com,iureeius8
9913003,"2017-08-31 22:46:16",Audrey,Bertin,camus.antoinette@dufour.fr,optiofacilis981
9865663,"2017-08-21 12:02:41",Chantal,Gautier,elisabeth21@david.fr,illumveniam586
8873663,"2017-01-03 19:51:05",Julien,Gallet,hguilbert@giraud.com,utcorporis779
9045833,"2017-02-07 22:14:51",Aimée,Jacob,dpascal@marion.com,etmaiores183
9692273,"2017-07-11 13:29:43",Arnaude,Nicolas,marie.timothee@orange.fr,rerumeaque814
9180153,"2017-03-06 16:00:20",Franck,Gautier,maury.lorraine@free.fr,quibusdamdeleniti778
10575443,"2018-04-21 10:30:08",Céline,Perrin,parent.gilles@robin.org,fugiatsit534
8886363,"2017-01-06 11:14:14",Marc,Texier,bernadette43@live.com,doloremqui228
9421173,"2017-05-04 13:48:48",Jérôme,Martin,eleroux@dossantos.com,magnamquaerat280
9463503,"2017-05-12 22:10:00",Adèle,"Le Goff",edouard52@laposte.net,voluptasaut436
9879933,"2017-08-24 14:39:47",Benoît,Salmon,alesage@sanchez.com,doloriure712
9651203,"2017-06-29 18:37:42",Noël,Imbert,prevost.marine@hotmail.fr,eossoluta619
10476723,"2018-03-01 17:02:00",Alphonse,Aubert,pvalentin@club-internet.fr,fugitaliquam442
8997523,"2017-01-29 18:43:33",Odette,Marty,constance74@bourgeois.com,mollitiareiciendis23
9181543,"2017-03-06 20:59:06",Honoré,Duval,nchauvin@orange.fr,veritatisvoluptatem243
9931663,"2017-09-05 10:39:27",Laurence,Girard,uleroux@voila.fr,quisamet666
9292113,"2017-04-04 12:13:37",Étienne,Vallet,germain.david@dbmail.com,velitvoluptatem756
9448773,"2017-05-09 13:11:51",Noémi,Texier,gros.nicolas@noos.fr,remasperiores619
9593133,"2017-06-12 03:42:08",Édouard,Bernard,alfred41@hotmail.fr,dictavoluptatem5
9938163,"2017-09-07 08:10:15",William,Meunier,noel.maryse@orange.fr,optioquo169
9360423,"2017-04-19 20:03:51",Thibault,Leger,christelle15@poulain.com,nonsimilique641
9617043,"2017-06-19 17:23:14",Laure,Bonnet,diane.martel@cordier.com,erroreum511
10304533,"2018-01-01 08:53:47",Stéphane,Faure,bernard32@laposte.net,illoinventore246
10292493,"2017-12-27 18:59:26",Anastasie,Moulin,xleclerc@gallet.fr,deseruntnobis721
9143573,"2017-02-26 22:02:32",Chantal,Begue,delattre.william@orange.fr,quienim687
9861473,"2017-08-20 13:49:38",Timothée,Herve,qsauvage@voila.fr,voluptatemqui874
9984403,"2017-09-19 14:20:23",Laetitia,"Dos Santos",ribeiro.michele@ifrance.com,debitisvelit802
9651793,"2017-06-29 21:03:58",Laetitia,Jacob,martel.penelope@leblanc.org,modiaut996
10132583,"2017-10-30 14:17:13",Roger,Dubois,hoarau.pauline@fouquet.fr,eligendidoloremque960
10579093,"2018-04-23 15:52:15",Cécile,Dupuy,guyot.christiane@gmail.com,rerumquibusdam671
9417253,"2017-05-03 13:42:15",Roland,Marques,eric25@ifrance.com,eumquia789
8938043,"2017-01-17 09:24:55",Agathe,Gillet,alexandre61@bouygtel.fr,aspernaturdeleniti423
10032763,"2017-10-01 21:12:55",Luc,Marin,michel.philippe@valette.fr,aliquamaut923
9689063,"2017-07-10 17:50:17",Henriette,Delannoy,hcolin@hoareau.com,eumsed771
9358373,"2017-04-19 12:52:18",Dominique,Tanguy,guillaume29@ifrance.com,dolorein57
10300853,"2017-12-30 18:42:23",Margot,Charpentier,apereira@laposte.net,etquam953
9769833,"2017-07-30 19:38:43",Martin,Gerard,gschneider@ifrance.com,quamarchitecto930
10166533,"2017-11-09 17:37:28",Benjamin,Becker,averdier@noos.fr,veniamquae527
8860763,"2017-01-01 17:00:48",Laure,Masse,philippe.elisabeth@aubert.org,nihilrerum875
9953253,"2017-09-10 23:23:17",Thomas,Dijoux,sjoseph@gmail.com,harumdolor513
10180013,"2017-11-13 17:01:56",Agnès,Adam,oceane.blot@lecoq.com,nequequi506
9539023,"2017-05-28 19:43:20",Suzanne,Boyer,oaubert@tele2.fr,fugamodi58
10519153,"2018-03-21 07:37:53",Émile,Coulon,stephane.roux@club-internet.fr,quiarepellat824
10078193,"2017-10-14 22:07:27",Robert,Gaudin,hugues99@caron.fr,idnatus259
9445383,"2017-05-08 23:17:29",Valentine,"Da Costa",etienne.bertrand@yahoo.fr,nihilquia15
8920083,"2017-01-13 18:51:14",François,Philippe,bertrand08@ifrance.com,aliasut920
10069343,"2017-10-12 12:40:53",Hugues,Hoarau,qrenaud@tiscali.fr,impeditcum64
10144293,"2017-11-02 20:42:10",Bertrand,Barthelemy,royer.frederique@tele2.fr,utsit149
10637863,"2018-05-24 23:23:34",Charles,Becker,aime.pruvost@tele2.fr,velitquaerat839
9463313,"2017-05-12 21:31:57",Camille,Imbert,madeleine.mahe@orange.fr,absint322
9024543,"2017-02-04 00:31:47",Audrey,Moulin,iremy@morvan.com,velcum267
10602803,"2018-05-06 14:15:29",David,Bouvier,zadam@ifrance.com,etexcepturi580
10190273,"2017-11-17 01:18:19",Océane,Gomes,denise.hamel@noos.fr,autdelectus41
8995693,"2017-01-29 14:11:25",Jeanne,Gonzalez,emile47@voila.fr,repellatculpa262
10254273,"2017-12-12 09:08:23",Marguerite,Mendes,caroline.millet@renard.fr,evenietatque488
9233563,"2017-03-19 18:55:19",Dominique,Peron,genevieve22@tele2.fr,etut550
10332253,"2018-01-09 01:42:43",Isaac,Dumas,arthur.vallee@chauvet.fr,eumet321
10289463,"2017-12-26 17:01:30",Charlotte,Lopez,neveu.benoit@klein.fr,omniseos745
9942613,"2017-09-08 15:55:05",Édith,Morvan,helene97@tele2.fr,nonculpa510
9832003,"2017-08-13 22:17:49",Anaïs,Joubert,maurice.auguste@blot.com,earumdolorem324
9430563,"2017-05-07 02:07:32",Brigitte,Voisin,benjamin.diallo@colas.fr,remid964
8870893,"2017-01-03 03:34:35",Tristan,Berthelot,gabrielle21@wanadoo.fr,quiut970
8951483,"2017-01-20 11:53:15",Margaret,Laporte,gomez.maurice@tele2.fr,reprehenderitsit387
9431923,"2017-05-07 14:32:05",Thibault,Evrard,gabriel39@masson.fr,beataevel153
10500933,"2018-03-12 13:52:57",Paul,Lebon,pauline.pages@levy.com,quiaet705
9309963,"2017-04-08 21:06:37",Suzanne,Evrard,guillot.olivie@germain.fr,voluptatemaut396
9827303,"2017-08-13 00:22:52",Constance,Leconte,adele02@levy.com,expeditainventore950
9827643,"2017-08-13 01:45:51",David,Julien,neveu.juliette@devaux.fr,iustoquo437
9579123,"2017-06-08 01:33:02",Matthieu,Dupont,mbarbe@devaux.org,facereeum221
9485973,"2017-05-18 12:54:28",Stéphane,Coste,legros.andre@voila.fr,ipsumvel206
9516573,"2017-05-26 13:37:26",Monique,Morin,qbarbe@tiscali.fr,molestiaequi540
10304873,"2018-01-01 13:43:15",Patrick,Laine,uevrard@jacques.com,hicratione878
10329713,"2018-01-08 17:39:32",Colette,Couturier,ycharpentier@live.com,consequunturnobis53
10127373,"2017-10-29 09:10:04",Lorraine,Delaunay,lucie.henry@lefort.net,dictalabore496
10331973,"2018-01-09 00:20:42",Théophile,Brunet,alphonse81@voila.fr,laudantiummaxime340
9858973,"2017-08-19 21:38:22",Victor,Imbert,dcouturier@bouygtel.fr,sitexcepturi366
9722003,"2017-07-18 23:03:45",Robert,Devaux,igomes@bonnin.fr,dolorsunt828
10503953,"2018-03-13 23:02:40",Gilbert,Lesage,guillou.oceane@hotmail.fr,quidistinctio299
9533323,"2017-05-27 20:55:57",Gilbert,Navarro,robert.lejeune@rousset.com,undevoluptatem232
10320363,"2018-01-05 22:14:47",Adrienne,Gautier,lucas07@wanadoo.fr,odiorepellat550
9018973,"2017-02-02 21:47:12",Élise,Renaud,michaud.marcel@jourdan.org,distinctioquibusdam494
9032243,"2017-02-05 14:29:59",Lucy,Jacques,sfaivre@ifrance.com,estin972
9318743,"2017-04-10 21:50:09",Adrien,Dias,sabine.martin@live.com,facereexpedita240
9582303,"2017-06-09 05:22:20",Alain,Dias,yves74@tiscali.fr,velitvitae725
9290113,"2017-04-03 21:14:19",Danielle,Letellier,gerard.theophile@lemoine.com,adipiscideleniti695
9454873,"2017-05-10 16:57:10",Éric,Marques,delannoy.laurent@gerard.fr,voluptatemat631
9353783,"2017-04-18 13:05:55",Alexandre,Martineau,aarnaud@garnier.fr,etitaque528
9423113,"2017-05-04 22:48:17",Éléonore,Costa,cgirard@noos.fr,beataeconsequatur803
8926423,"2017-01-15 00:59:57",Patricia,Duval,bernard36@goncalves.com,culpanulla556
9390553,"2017-04-26 21:32:50",Christophe,Turpin,alfred61@free.fr,intenetur804
9463263,"2017-05-12 21:17:07",Clémence,Hamel,gilbert27@dasilva.fr,reiciendistempore248
9647603,"2017-06-28 19:45:21",David,Pottier,franck62@gallet.org,verodolor904
9511633,"2017-05-25 02:05:15",Michelle,Thibault,bonneau.camille@orange.fr,fugitenim71
10129883,"2017-10-29 19:41:59",Gilles,Maillet,lucas08@orange.fr,placeatquisquam414
10531673,"2018-03-26 23:58:36",Bertrand,Guichard,raymond.millet@free.fr,etmollitia885
9934803,"2017-09-06 08:36:23",Maggie,Vasseur,clemence.arnaud@navarro.fr,eosnecessitatibus817
9416933,"2017-05-03 11:37:20",Emmanuelle,Goncalves,blin.jean@club-internet.fr,eaquecupiditate196
9282233,"2017-04-01 23:50:42",Noël,Hamel,victor15@live.com,nemocorporis236
8931983,"2017-01-15 21:46:43",Bernard,Thomas,jhenry@delaunay.fr,temporacommodi360
10050823,"2017-10-06 21:20:34",Léon,Guillon,jgaudin@dbmail.com,dolorumunde244
9351493,"2017-04-17 22:20:21",Laurent,Tessier,joseph.richard@michel.fr,nemonon788
10068073,"2017-10-11 22:18:21",Maggie,Delahaye,marchal.raymond@hotmail.fr,suntid647
10436083,"2018-02-13 14:12:30",Christelle,Denis,chantal69@voila.fr,etipsam284
9772923,"2017-07-31 14:28:13",Raymond,David,timothee90@pichon.com,harumvel912
9625553,"2017-06-22 16:44:24",Roland,Etienne,morin.thomas@sfr.fr,occaecativelit490
9423193,"2017-05-04 23:08:18",Michel,Maillet,legoff.laurence@gmail.com,estfacilis464
9043683,"2017-02-07 16:07:13",Margot,Guyon,robert66@dbmail.com,etmagnam322
10075953,"2017-10-14 11:43:56",Hugues,Maillard,qdupre@bernard.com,quiaharum823
10593443,"2018-04-30 23:48:33",Stéphanie,Michaud,mgeorges@renaud.fr,teneturconsectetur724
9777403,"2017-08-01 13:19:32",Théodore,Lemonnier,rseguin@gmail.com,nisiquos589
9503653,"2017-05-22 23:57:48",Lucy,"De Sousa",claudine.perez@live.com,dolorumnatus844
10163443,"2017-11-08 14:17:43",Arnaude,Royer,alain13@lejeune.com,nonquaerat808
9691723,"2017-07-11 09:48:26",David,Georges,gilbert.andre@lenoir.fr,aliasamet210
9128693,"2017-02-23 22:53:28",Nathalie,Bruneau,helene15@hotmail.fr,quaenatus471
9170473,"2017-03-04 18:27:48",Jérôme,Gregoire,elisabeth.blondel@pottier.com,quistenetur572
10037863,"2017-10-02 23:30:14",Thomas,Deschamps,honore77@yahoo.fr,omnissed960
9423093,"2017-05-04 22:44:48",Antoinette,Torres,vcamus@yahoo.fr,fugaet0
9201883,"2017-03-11 19:38:35",Marie,Hebert,perrier.nathalie@jacquot.com,blanditiissunt824
8985243,"2017-01-27 11:17:40",Henri,Bouvier,timothee25@blanchet.fr,officiasuscipit563
9334903,"2017-04-14 18:07:23",Margot,Poirier,plabbe@hotmail.fr,sitaliquid888
10208423,"2017-11-24 09:56:04",Maryse,Roger,bfischer@dbmail.com,rerumhic128
8967263,"2017-01-23 14:17:07",Isabelle,Seguin,jacqueline99@menard.com,officiaassumenda936
9672103,"2017-07-04 22:42:39",Victor,Gaudin,frederic00@buisson.com,doloremvoluptas566
9117433,"2017-02-21 16:17:15",Diane,Cordier,bernard65@gomes.org,temporibusmagni509
8867913,"2017-01-02 19:17:54",Élodie,Lenoir,monique04@free.fr,nisisit697
10334353,"2018-01-09 21:38:48",Sébastien,Muller,bernier.nicolas@levy.net,porrout324
9381693,"2017-04-24 20:21:21",Auguste,Grondin,vmartin@faure.fr,abaut239
9388213,"2017-04-26 12:49:58",François,Peltier,yrichard@hernandez.com,sedvoluptatem900
9433053,"2017-05-07 18:34:44",Arnaude,Martin,yguillou@navarro.net,suscipitoptio251
9221493,"2017-03-16 13:45:29",Auguste,Dupuis,rdelattre@sfr.fr,velitquis892
9931293,"2017-09-05 01:54:10",Louise,Fontaine,vincent71@live.com,aest391
9646443,"2017-06-28 15:29:40",Isabelle,Guillou,cohen.thibault@gmail.com,expeditavoluptas57
8886263,"2017-01-06 10:23:11",Julie,Joseph,breton.marianne@raymond.net,doloresid481
9180843,"2017-03-06 18:50:24",Audrey,Paul,deoliveira.marcelle@live.com,minimaet898
10114693,"2017-10-25 10:47:00",Aurore,Lejeune,margaret96@noos.fr,quiamolestias996
9469053,"2017-05-14 10:10:43",Simone,Rocher,dossantos.alex@legros.fr,autsequi178
10341723,"2018-01-12 16:21:40",Tristan,Arnaud,susanne.cousin@marie.fr,aliquidsed429
9886743,"2017-08-26 10:07:47",René,Fournier,oduval@fleury.net,providentaliquid333
9409433,"2017-05-01 15:42:35",Paul,Cordier,theodore.bonneau@legoff.com,quisquia776
10024163,"2017-09-30 00:15:00",Colette,Pottier,henry.thomas@tele2.fr,veroimpedit394
9375203,"2017-04-23 10:42:40",Chantal,Delorme,dupuis.nicolas@lemaire.org,errorvoluptas407
9941563,"2017-09-08 09:01:30",Pierre,Philippe,legros.paulette@dupont.org,aliquidiste263
9791653,"2017-08-04 21:58:34",Emmanuel,Fernandes,martins.laetitia@daniel.fr,exercitationempossimus320
9715893,"2017-07-17 19:19:14",Isaac,Valentin,rodrigues.roland@boulanger.net,veritatisnumquam369
10155533,"2017-11-05 21:34:34",Eugène,Ferreira,jules.sanchez@carpentier.org,enimtempora824
10313703,"2018-01-03 23:51:05",Monique,Lecoq,llemaitre@bruneau.fr,rerumcumque393
9497283,"2017-05-21 13:45:50",Jeanne,Normand,adelannoy@voila.fr,aliquidnon498
10608413,"2018-05-09 20:51:37",Odette,Peron,legros.vincent@club-internet.fr,doloremvelit218
10652003,"2018-06-02 17:15:20",Marthe,Dijoux,lagarde.claude@ifrance.com,voluptatumsit610
10488433,"2018-03-06 22:44:24",Augustin,Allard,vfabre@ifrance.com,assumendaquia618
8993553,"2017-01-29 01:12:22",Philippe,Hernandez,rgirard@moreau.org,odioiusto322
10401263,"2018-02-02 12:05:51",Mathilde,Daniel,fernandes.luce@sfr.fr,doloremdignissimos696
9098733,"2017-02-17 22:23:09",Nath,"Dos Santos",zlecomte@orange.fr,mollitiacorrupti29
9547483,"2017-05-30 17:58:46",Cécile,Becker,fleury.martin@pruvost.fr,itaqueid359
10395303,"2018-01-30 21:32:36",Claudine,Levy,stephanie.coulon@ifrance.com,etquidem537
9241083,"2017-03-21 19:46:13",Jules,Breton,desousa.henri@club-internet.fr,natusdolor648
9381823,"2017-04-24 20:36:46",Suzanne,Guillou,rousset.william@riviere.fr,consequunturdolorem586
10197343,"2017-11-19 17:09:53",Isaac,Camus,qarnaud@blin.com,etmagni806
9093863,"2017-02-16 21:59:43",Benoît,Jacob,thibault61@tele2.fr,consecteturvoluptatem641
9159763,"2017-03-02 07:32:55",Gabrielle,Perret,klein.anne@prevost.com,distinctiovelit443
9547113,"2017-05-30 16:39:15",Marine,Devaux,delmas.alain@gmail.com,etmolestiae658
9657973,"2017-07-01 13:14:01",Élise,Bonnet,margaret.duval@tanguy.org,quosid234
9240563,"2017-03-21 16:53:25",Jacqueline,Lesage,yves86@wanadoo.fr,deseruntsuscipit111
10043783,"2017-10-04 16:33:43",Lucy,Noel,jules.jacob@hotmail.fr,quiaomnis251
9034783,"2017-02-05 20:28:25",Aimé,Merle,toussaint.penelope@durand.fr,voluptatumet746
9040983,"2017-02-06 22:48:54",Georges,Coste,philippine29@pinto.com,nonet151
10521633,"2018-03-22 12:59:45",Maryse,Dufour,delorme.chantal@hotmail.fr,omnisreprehenderit366
9549693,"2017-05-31 08:39:36",Vincent,Guichard,pasquier.martin@bernier.net,nihilrerum151
9222553,"2017-03-16 20:15:54",Laurence,Parent,gerard.guillot@nicolas.com,evenietdoloribus350
9075733,"2017-02-13 11:51:32",Théodore,Gomes,adrienne29@bouygtel.fr,excepturiet230
8968243,"2017-01-23 18:51:43",Benoît,Samson,hugues21@laposte.net,doloremqueplaceat694
9453743,"2017-05-10 12:48:59",Raymond,Voisin,dimbert@noos.fr,autaccusantium973
9345683,"2017-04-16 21:15:21",Agathe,Martineau,rgoncalves@marie.fr,doloresblanditiis612
9058763,"2017-02-10 17:01:37",Zoé,Coste,odupuy@wanadoo.fr,eumipsa524
9298063,"2017-04-05 17:33:17",Arthur,Martin,scourtois@marchand.com,nequecommodi19
10430643,"2018-02-11 20:06:13",Sylvie,Bruneau,laurent98@delannoy.org,estofficia376
9436073,"2017-05-08 11:39:33",Jean,Legendre,alves.alix@renault.com,reiciendiseum113
9266183,"2017-03-28 17:58:03",Honoré,Perret,wgomes@wanadoo.fr,recusandaecumque197
10095193,"2017-10-19 21:50:17",Martin,Maillet,jeanne.roy@wanadoo.fr,etperferendis641
10201723,"2017-11-21 14:07:24",Gérard,Perez,imarechal@gallet.fr,recusandaesapiente350
10306413,"2018-01-01 22:13:16",Alix,Pires,thierry.barthelemy@voila.fr,inventoremodi183
9468983,"2017-05-14 09:25:10",Stéphanie,Perrin,marcel35@live.com,omnisaut261
9025363,"2017-02-04 10:11:19",Thomas,Gilbert,jean.jacques@hoareau.fr,quiqui257
9447563,"2017-05-09 08:05:55",Vincent,Normand,gaudin.dorothee@gmail.com,ipsatotam7
10553763,"2018-04-07 22:28:39",Nathalie,Meunier,launay.helene@besson.fr,etdelectus597
10020283,"2017-09-29 02:32:21",William,Pruvost,herve.margaret@riviere.fr,quamdeserunt24
10106003,"2017-10-22 23:12:43",Nathalie,Guyon,alfred48@ramos.net,consequaturaspernatur384
9469113,"2017-05-14 10:27:58",Margot,Bertin,begue.veronique@gmail.com,nisised589
9596183,"2017-06-13 02:13:43",Xavier,Ferrand,danielle.weiss@letellier.fr,namest433
9243153,"2017-03-22 11:23:48",William,Delorme,scolin@godard.com,inventorerecusandae881
9378173,"2017-04-23 20:42:53",Claire,Carre,yperrin@yahoo.fr,corruptiaccusamus642
9211073,"2017-03-13 19:20:52",Nathalie,Antoine,hlegall@wanadoo.fr,suscipitexplicabo347
9730483,"2017-07-20 23:14:35",Alice,Vaillant,alphonse.faivre@wanadoo.fr,explicaboearum503
10286563,"2017-12-25 15:12:52",Suzanne,Regnier,ssamson@guillet.com,hicreprehenderit982
10346773,"2018-01-14 14:48:13",Antoine,Ollivier,jcolin@tiscali.fr,adipisciex725
10134183,"2017-10-30 22:45:50",Jean,Lejeune,roche.georges@joubert.fr,minusmollitia784
9185593,"2017-03-07 21:27:05",Stéphane,Joseph,clement.virginie@lesage.net,beataevoluptates914
9481383,"2017-05-17 08:28:32",Suzanne,Devaux,aubry.jacques@fabre.com,quiaquidem18
10030693,"2017-10-01 14:19:58",Claude,Lemaitre,andre.morin@hotmail.fr,velitmollitia358
8927883,"2017-01-15 12:33:42",Laurent,Regnier,emile.begue@daniel.net,nonvel369
10404343,"2018-02-03 15:05:21",Aimé,Lebreton,richard.hamel@gmail.com,animiconsequatur282
10518573,"2018-03-20 21:14:08",René,Guillon,maillard.xavier@perrot.fr,consequunturvoluptate87
10610043,"2018-05-10 19:01:35",Alix,Girard,kpotier@wanadoo.fr,optiovel970
9947743,"2017-09-09 20:36:16",Stéphane,Parent,upereira@legoff.fr,autemeum195
9480903,"2017-05-17 00:43:35",Yves,Neveu,picard.thibaut@yahoo.fr,placeatpariatur482
8972563,"2017-01-24 17:25:17",Charles,Ribeiro,gregoire.lambert@bodin.fr,quipariatur505
9210813,"2017-03-13 18:36:32",Arnaude,Fontaine,yves06@ifrance.com,asperioresvoluptatem480
10511313,"2018-03-17 15:48:27",Richard,Pons,chartier.julie@voila.fr,verohic228
9721663,"2017-07-18 22:18:55",Andrée,Vidal,arnaude.daniel@rossi.fr,etlaborum772
9614403,"2017-06-18 20:53:41",Thérèse,Begue,oceane72@brunel.fr,voluptasillum103
9508213,"2017-05-24 08:44:08",Honoré,Noel,martin.hamon@chauvin.org,temporavoluptas514
8921143,"2017-01-13 22:12:30",Bernard,Leger,gboutin@wanadoo.fr,etveniam995
8943103,"2017-01-18 14:25:05",Martin,Blin,pmarie@tessier.org,adrem395
9382543,"2017-04-24 22:57:14",Émile,Poirier,qlaurent@dacosta.net,quodplaceat205
10327143,"2018-01-07 21:38:40",Arthur,Baudry,julien05@orange.fr,explicaboipsum956
10393533,"2018-01-29 23:47:31",Jeannine,Valette,lucas.helene@free.fr,cumnatus744
10003533,"2017-09-24 20:21:47",Adrien,Lecomte,neveu.raymond@delmas.com,rerumqui827
9352813,"2017-04-18 04:04:11",Georges,Blondel,jean.prevost@hamon.com,voluptatesassumenda379
9730353,"2017-07-20 22:54:31",Odette,Torres,lcosta@gmail.com,corruptiprovident537
9761943,"2017-07-28 21:01:48",Patrick,Coste,vasseur.richard@dupuy.com,quiexpedita276
9446033,"2017-05-09 00:10:54",Luce,Pruvost,nmeunier@hotmail.fr,voluptasautem853
10331593,"2018-01-08 23:12:44",Patricia,Joly,honore.albert@dbmail.com,suntcumque839
10448493,"2018-02-18 06:19:32",Sabine,Techer,bourdon.francois@francois.fr,voluptatemdolore483
9272573,"2017-03-30 14:43:47",Nicolas,Pons,emile86@lacombe.com,illumconsectetur69
10116733,"2017-10-25 21:52:12",Frédéric,Thierry,alexandre60@legros.fr,debitisvoluptas761
9581383,"2017-06-08 21:09:14",Caroline,Lecoq,chauvet.agnes@live.com,consequaturat247
9768403,"2017-07-30 13:50:06",Thomas,David,constance61@blanc.com,iustoearum647
9543643,"2017-05-29 19:33:44",Gilbert,Royer,gbrun@club-internet.fr,consequaturtenetur594
10324513,"2018-01-07 01:02:34",Élisabeth,Barre,clemence36@dbmail.com,cupiditatesunt414
10511143,"2018-03-17 14:16:16",Charles,Boulay,sgaudin@hotmail.fr,cumminus806
9586583,"2017-06-10 12:09:12",Nathalie,Legendre,nathalie.besnard@free.fr,inqui325
9395973,"2017-04-28 14:09:30",Matthieu,Guillet,valerie67@voila.fr,laborumat372
9219373,"2017-03-15 19:43:27",Élise,Lecoq,marguerite.lucas@mercier.net,molestiaerecusandae523
10160503,"2017-11-07 12:38:59",Martin,Weiss,benjamin.fouquet@descamps.com,facereexercitationem704
9563733,"2017-06-04 00:32:14",Laurent,Barbe,salmon.josephine@ruiz.com,etrerum839
10058573,"2017-10-08 23:17:27",Alex,Guibert,guy64@vidal.com,quidemquia922
10139803,"2017-11-01 18:31:33",Joséphine,Techer,nathalie.sanchez@club-internet.fr,teneturvoluptatem775
9184123,"2017-03-07 14:56:55",Joseph,Lacroix,tmarques@voila.fr,quamvoluptate513
10371253,"2018-01-22 14:21:35",Anne,Lamy,anouk95@petitjean.fr,omniset6
10386353,"2018-01-27 16:16:53",Denise,Pages,francoise75@orange.fr,autin474
9505313,"2017-05-23 14:34:47",Marcel,Couturier,maillard.leon@bouygtel.fr,quisdolores415
8859813,"2017-01-01 14:30:24",Julien,Hernandez,lgregoire@thomas.net,quiofficiis253
10618943,"2018-05-14 21:34:58",Margaret,Masse,jacob.leon@tele2.fr,natusquia769
9190353,"2017-03-08 22:28:43",Roger,Diaz,kphilippe@tele2.fr,providentqui249
10026953,"2017-09-30 17:56:16",Laetitia,Raymond,delattre.christophe@tele2.fr,consequaturenim498
8928513,"2017-01-15 14:05:54",Édouard,Pottier,guyot.emile@tanguy.com,etquidem348
10500653,"2018-03-12 11:48:42",Franck,Hamel,tristan.guerin@sfr.fr,adipiscisuscipit205
10332213,"2018-01-09 01:23:29",Martine,Baron,emmanuelle78@rousseau.com,sitdebitis857
9995163,"2017-09-22 21:00:20",Franck,Paul,launay.maryse@hotmail.fr,eaqueadipisci804
10296503,"2017-12-29 01:07:49",Philippine,Mary,dominique91@texier.org,uthic402
10105053,"2017-10-22 20:16:00",Inès,Maillard,maury.nicolas@vidal.fr,voluptatequia568
9390793,"2017-04-26 22:04:40",Gérard,Guillon,charlotte80@julien.fr,doloreset891
10263333,"2017-12-15 17:44:50",Maryse,Pichon,charlotte.allain@poirier.com,quolabore504
10306703,"2018-01-01 22:43:30",Nathalie,Lecoq,thibault38@potier.com,velanimi53
9468893,"2017-05-14 08:54:59",Rémy,Bruneau,ecarpentier@tessier.com,consecteturut5
9122373,"2017-02-22 17:38:37",Anne,Gauthier,uhoareau@reynaud.org,nihilcumque123
10052633,"2017-10-07 14:47:45",Auguste,Becker,brun.aime@hotmail.fr,eaillo634
10418173,"2018-02-08 01:01:17",Margaret,Dijoux,guillet.alphonse@live.com,aliasvoluptatem322
9725503,"2017-07-19 20:32:57",Camille,Arnaud,techer.jeanne@joseph.com,dignissimosaut219
10452223,"2018-02-19 11:34:34",Jérôme,"Le Goff",jsimon@pires.fr,quamdoloremque911
9060193,"2017-02-10 21:42:04",Céline,Picard,frodrigues@noos.fr,hicsapiente805
10633453,"2018-05-22 13:25:12",Aimée,Benoit,christine17@live.com,eaquesit15
9862863,"2017-08-20 18:39:22",Olivie,Bailly,fabre.pauline@wanadoo.fr,quiaqui898
9593473,"2017-06-12 09:21:52",Éric,Brunet,maggie79@sfr.fr,temporibuscommodi399
9217223,"2017-03-15 03:06:54",Arnaude,Lemaitre,roger.allard@live.com,impeditquia972
8979873,"2017-01-26 00:55:29",Christiane,Dijoux,maurice.delannoy@lebreton.org,perferendisunde5
9281903,"2017-04-01 22:34:49",Victoire,Perrin,camille.descamps@noos.fr,quiperferendis895
9529543,"2017-05-27 14:34:49",Alfred,Faivre,dominique21@yahoo.fr,nostrumquis848
10488913,"2018-03-07 10:17:36",Isabelle,Gilbert,aurore.regnier@didier.com,ina702
10110003,"2017-10-23 22:49:54",Robert,Rey,renaud.aimee@maillet.com,sitest457
10467463,"2018-02-25 18:30:56",Arnaude,Pruvost,michel.rodriguez@ifrance.com,explicabototam79
9943603,"2017-09-08 20:57:12",Agathe,Rodrigues,guillaume.pires@vidal.fr,natusrepudiandae118
9822683,"2017-08-12 13:09:02",Jeannine,Rossi,zacharie41@bouygtel.fr,odiout871
9077573,"2017-02-13 18:00:42",Marc,Fleury,adrienne.fouquet@noos.fr,itaquemaxime455
9341983,"2017-04-16 03:36:36",René,Neveu,alphonse65@bouygtel.fr,velet916
8879843,"2017-01-04 21:43:18",Gabrielle,Clement,uchauvin@bouygtel.fr,exercitationemblanditiis651
9916533,"2017-09-01 20:28:19",Brigitte,Toussaint,dupont.roland@tele2.fr,iureet729
10447633,"2018-02-17 21:54:48",Paulette,Vidal,emmanuel.imbert@bouygtel.fr,necessitatibuset474
10101523,"2017-10-21 21:21:53",Xavier,Ramos,ymoulin@club-internet.fr,explicaboet380
9707843,"2017-07-16 03:14:00",Martin,Blanc,xchartier@laposte.net,delectusexplicabo387
9166323,"2017-03-03 20:32:50",Thibault,Perret,blot.josette@orange.fr,laboresaepe498
10353113,"2018-01-16 21:44:36",Lucas,Verdier,alex09@gmail.com,quidemvoluptatum446
10254283,"2017-12-12 09:11:41",Michelle,Gillet,margot77@orange.fr,optiopariatur16
8961753,"2017-01-22 15:34:59",Théophile,Fontaine,michele.colin@muller.fr,laboretempore580
10019533,"2017-09-28 21:55:44",Maurice,Legros,emartins@ifrance.com,voluptasdolores956
10510573,"2018-03-17 06:05:14",Jules,Valentin,wlegall@gmail.com,etut221
9856503,"2017-08-19 09:22:29",Adélaïde,"De Oliveira",zlanglois@deoliveira.com,necessitatibusenim361
9762813,"2017-07-29 02:09:57",Lucie,Duval,pages.edouard@guilbert.com,iurererum270
9310513,"2017-04-08 22:18:05",Audrey,Gregoire,cklein@gosselin.fr,rerumqui321
9336023,"2017-04-14 21:57:20",Zacharie,Rossi,prevost.georges@david.fr,vitaefacilis856
9621323,"2017-06-20 23:04:45",Xavier,Torres,gerard31@dbmail.com,eumid430
9360073,"2017-04-19 18:58:38",Renée,Grenier,jacques38@riviere.fr,reiciendisenim998
10414793,"2018-02-07 00:44:34",Anastasie,Bouvet,adrien.bonneau@guyot.fr,velnemo173
9840983,"2017-08-15 19:10:41",Marcel,Blanc,lacroix.olivie@bouygtel.fr,reprehenderitautem840
10215673,"2017-11-27 01:20:19",Chantal,"Le Gall",schauvet@blanchard.org,sintdolorem464
9713473,"2017-07-17 11:45:50",Élisabeth,Guibert,marianne.lebon@loiseau.fr,corporisa382
9909113,"2017-08-30 23:32:32",Nicolas,Grondin,zacharie56@live.com,quiacommodi671
9951693,"2017-09-10 18:12:42",Théodore,Henry,dbarbier@chevallier.net,doloremqueducimus694
9078243,"2017-02-13 19:49:44",Auguste,Lefevre,labbe.sebastien@sfr.fr,animiconsequatur808
8933023,"2017-01-16 01:07:43",Gabriel,Germain,lejeune.marthe@ferreira.fr,ducimuseveniet109
10184323,"2017-11-14 21:22:25",Guy,Brunet,joly.corinne@wanadoo.fr,nihilrerum50
9292883,"2017-04-04 16:22:33",Alain,Masson,margaux.diaz@sfr.fr,consequunturet944
9120383,"2017-02-22 09:03:27",Isabelle,Lopez,ybousquet@sfr.fr,possimusharum968
9889333,"2017-08-26 22:21:07",Chantal,Fontaine,duhamel.honore@orange.fr,fugitrerum811
9821663,"2017-08-12 13:00:58",Éléonore,Tessier,xpages@philippe.org,consequaturet932
10044493,"2017-10-04 20:14:37",François,Lombard,fthomas@wanadoo.fr,quitempora535
9958753,"2017-09-12 16:44:11",Adélaïde,Brunet,paul.martin@orange.fr,etofficia849
9883503,"2017-08-25 12:32:15",Patricia,Boulanger,hblondel@perrot.fr,doloremautem500
9156523,"2017-03-01 15:55:00",Léon,Lecomte,mathilde.raymond@laposte.net,quamvoluptatem797
8897203,"2017-01-08 14:48:27",Frédérique,Peron,lbenard@bouygtel.fr,explicabovoluptas585
9846303,"2017-08-16 20:13:09",Henri,Mathieu,millet.benoit@dbmail.com,aet908
10415533,"2018-02-07 11:32:56",Thomas,Mahe,coste.francoise@benoit.com,natusmagni496
9901593,"2017-08-29 13:47:00",Joseph,Gomes,alexandre.olivier@sfr.fr,consecteturnihil11
9652713,"2017-06-30 00:40:37",Léon,Bourgeois,suzanne53@gmail.com,deseruntet890
10584533,"2018-04-26 12:56:41",Benoît,Marchal,dbarbier@reynaud.fr,quisaut496
10197393,"2017-11-19 17:27:03",Victor,Langlois,theodore44@buisson.fr,doloreseius203
9809153,"2017-08-09 12:29:04",Charles,Bouchet,hoarau.margaud@club-internet.fr,asperioresid191
9455973,"2017-05-10 20:56:35",Alexandre,Barthelemy,guillaume.devaux@mary.com,voluptatesunde103
9778053,"2017-08-01 15:34:29",Juliette,"Le Goff",marcel97@ifrance.com,etrem152
9423223,"2017-05-04 23:15:49",Gilles,Pereira,hcouturier@sfr.fr,facilismollitia976
9961603,"2017-09-13 08:30:25",Guillaume,Leroy,tristan73@club-internet.fr,totamvel322
10647643,"2018-05-30 21:13:03",Hortense,Guibert,emmanuelle.charles@ledoux.com,fugitut531
9708363,"2017-07-16 11:21:33",Joseph,Breton,remy.guillot@voila.fr,mollitialaboriosam689
10345593,"2018-01-13 23:14:05",Alexandria,"Da Costa",kbousquet@wagner.fr,etvoluptatum344
10313973,"2018-01-04 01:15:49",Léon,Rolland,thibaut.guibert@ramos.net,quamipsum294
9537713,"2017-05-28 15:24:46",Laurent,Rolland,chauvin.honore@mahe.fr,consecteturfuga450
9567503,"2017-06-05 00:12:59",Nathalie,Teixeira,giraud.christophe@blanchard.org,quiet948
9226963,"2017-03-18 08:08:36",Martin,Lenoir,clerc.frederique@noos.fr,namtemporibus468
9141893,"2017-02-26 17:54:05",Monique,Benard,schauvin@live.com,numquamvoluptatem824
9384533,"2017-04-25 15:29:12",Arthur,Dias,adam.pierre@turpin.fr,etfacere265
9057363,"2017-02-10 11:44:39",Thierry,Paul,david93@pasquier.fr,pariaturut582
9255703,"2017-03-25 21:15:32",Cécile,Didier,michelle.lagarde@free.fr,nostrumminus903
10297613,"2017-12-29 17:12:21",Frédéric,Boutin,julie95@bouygtel.fr,commodicumque759
9052513,"2017-02-09 12:24:44",Franck,Blondel,audrey51@chretien.com,fugaconsequatur68
9993413,"2017-09-22 11:02:38",André,Albert,celine77@bouygtel.fr,accusamusipsa112
10119133,"2017-10-26 19:06:17",Lucas,Bernard,jbreton@ifrance.com,recusandaeea738
10485993,"2018-03-05 20:19:27",Éléonore,Auger,charrier.olivie@pichon.fr,veniamea777
9487673,"2017-05-18 21:27:11",Édith,Mendes,glaine@hotmail.fr,oditconsequatur235
9178033,"2017-03-05 23:36:07",Suzanne,"Dos Santos",fgaudin@fernandez.com,autdolor38
10355193,"2018-01-17 16:53:23",Rémy,Gomez,bodin.celine@free.fr,quidemmodi976
10034963,"2017-10-02 12:46:34",Bertrand,Chauvet,stephane.blanc@guillaume.com,enimest707
8949683,"2017-01-19 22:12:14",Adrienne,Evrard,arnaude.royer@noos.fr,fugiteum801
10263793,"2017-12-15 20:08:37",Benoît,Guibert,mdevaux@free.fr,fugiatcorrupti959
10515733,"2018-03-19 11:09:17",Jérôme,Rodriguez,nicole19@nicolas.com,repellenduset190
9707683,"2017-07-16 01:27:07",Jérôme,Bigot,bertrand.bernard@bouygtel.fr,temporeplaceat291
9417163,"2017-05-03 12:57:47",Frédérique,Guillon,raynaud.yves@noos.fr,occaecatiest250
9813003,"2017-08-10 11:58:40",Nicole,Lopez,nathalie.breton@bouygtel.fr,ipsadicta820
10554723,"2018-04-08 13:26:36",Théophile,Huet,philippe.francois@levy.fr,quodeos383
9866833,"2017-08-21 17:02:49",Benoît,Pinto,klein.thibaut@tele2.fr,veritatisest270
9624253,"2017-06-22 02:00:59",Alphonse,Blot,jollivier@lelievre.com,numquamenim177
9245433,"2017-03-22 21:58:07",Julien,Maury,barbier.pierre@hotmail.fr,consequuntursit771
10221243,"2017-11-29 16:49:12",Philippe,Renaud,rene60@hoarau.net,quiaquia112
9126043,"2017-02-23 14:01:25",Sabine,Morvan,fischer.victor@sfr.fr,dolorumrepellendus530
10493763,"2018-03-09 14:46:16",Sébastien,Grondin,joseph.pons@laposte.net,temporaest226
8993033,"2017-01-28 23:23:20",Agnès,Paul,margaret86@dbmail.com,voluptasvoluptas351
9096523,"2017-02-17 14:54:18",Luc,Lebrun,antoine12@live.com,estet128
9800563,"2017-08-07 12:23:30",Christelle,Legrand,sbruneau@dupuis.fr,verosed436
10476503,"2018-03-01 15:05:30",Élisabeth,"De Oliveira",scarlier@laporte.net,accusantiumaperiam759
9010193,"2017-02-01 01:11:49",Roger,Tessier,prevost.michel@free.fr,ipsatenetur188
9975183,"2017-09-17 01:15:34",Maurice,Guillet,agathe.briand@navarro.fr,mollitiaqui381
9422293,"2017-05-04 20:24:16",Guy,Bouvet,michelle.jacob@hotmail.fr,exdolores108
9219763,"2017-03-15 21:10:57",Susanne,Pages,ebazin@blot.com,molestiaeofficia883
9448923,"2017-05-09 13:36:11",Richard,Legrand,laurence.techer@sfr.fr,doloremqueconsequuntur145
9767743,"2017-07-30 10:21:47",Nathalie,Alves,roussel.eleonore@gmail.com,autquo9
9855373,"2017-08-18 20:46:54",Élodie,Fischer,emarchand@yahoo.fr,idaspernatur56
9838853,"2017-08-15 12:35:34",Aimée,Hernandez,maillot.francoise@allard.com,undeoccaecati378
9709763,"2017-07-16 17:40:00",Pauline,"Da Costa",william43@descamps.net,ipsamcommodi999
10243253,"2017-12-08 16:32:35",Philippe,Robin,yves.reynaud@albert.com,nisiodit775
9297083,"2017-04-05 13:44:26",Marcel,Hardy,dias.laurence@ifrance.com,harumqui481
8865953,"2017-01-02 13:45:41",Virginie,Guillon,emmanuel.dacosta@bertrand.fr,omnisut639
8873233,"2017-01-03 18:36:13",Dominique,Charrier,wgarcia@pierre.com,quamfacere792
10044323,"2017-10-04 19:37:12",Véronique,Guerin,hugues.chauvet@live.com,exercitationemitaque54
9004503,"2017-01-30 22:20:28",Olivie,Perrot,marcel01@gmail.com,consecteturveniam879
9293723,"2017-04-04 19:46:47",Laurence,Jacquet,zacharie.vallet@orange.fr,estsoluta236
9465053,"2017-05-13 12:36:41",Alix,"De Oliveira",nribeiro@herve.fr,enimeaque429
9742093,"2017-07-23 22:04:28",Thierry,Texier,marc99@free.fr,aperiamsint524
9530683,"2017-05-27 15:55:45",Adélaïde,Boutin,fournier.emmanuelle@gomes.fr,rerumquae781
10254703,"2017-12-12 13:35:55",Gérard,Martin,nicolas.laurence@tele2.fr,sitesse209
9705573,"2017-07-15 13:19:42",Charles,Riviere,voisin.genevieve@laposte.net,aliquamaut601
9146583,"2017-02-27 15:18:25",Benoît,Roy,lefort.philippine@francois.fr,inreprehenderit221
9338653,"2017-04-15 15:27:37",Éric,Guibert,lucy.vaillant@boutin.com,autquasi237
8899213,"2017-01-08 20:16:35",Denis,Seguin,joseph12@orange.fr,utdolor340
9819203,"2017-08-11 23:11:11",Valérie,Faure,jules.petit@tele2.fr,temporaet6
9715193,"2017-07-17 17:50:03",Monique,Lecoq,noemi93@voila.fr,quiaaut830
9515273,"2017-05-26 00:22:49",Matthieu,Fabre,rboyer@leroy.com,aliasnatus94
9472823,"2017-05-14 22:53:13",Zacharie,Charpentier,briand.arthur@yahoo.fr,repellatreprehenderit254
10316283,"2018-01-04 19:57:46",Daniel,Duval,henriette.mace@dbmail.com,necessitatibusodio679
10332193,"2018-01-09 01:18:01",Josette,Pelletier,gregoire61@legros.fr,undeet16
9406023,"2017-04-30 21:19:00",Constance,Fabre,lamy.agathe@denis.fr,aliasnostrum525
10303543,"2017-12-31 16:55:58",Thibault,Delahaye,calexandre@camus.fr,doloribusmollitia550
9358663,"2017-04-19 13:39:58",Claude,Cordier,couturier.benjamin@besnard.org,doloribusratione533
9889533,"2017-08-26 22:55:54",Jean,Joly,vincent.boutin@hotmail.fr,autexercitationem58
9122403,"2017-02-22 17:46:34",Élisabeth,Renaud,anais69@poirier.com,rerumquasi785
10208753,"2017-11-24 13:48:02",Marthe,Perrot,bonnet.emmanuel@voila.fr,molestiasmagnam783
10528863,"2018-03-25 21:01:45",Adrienne,Lacombe,xfischer@live.com,voluptatumnam593
9792593,"2017-08-05 08:23:52",Martin,Chevalier,emmanuelle.vasseur@poirier.fr,perferendisnam16
9497123,"2017-05-21 13:11:22",Alfred,Aubry,alex85@tele2.fr,animinobis924
9663173,"2017-07-02 19:14:28",Thomas,Rodriguez,therese.merle@camus.fr,eiusconsequatur725
9455763,"2017-05-10 20:20:32",Claudine,Didier,andre.duval@chretien.fr,evenietvoluptatem40
10591853,"2018-04-30 10:18:58",Inès,Lemaire,christine.deoliveira@gmail.com,earumperferendis373
9339363,"2017-04-15 18:06:00",Léon,Descamps,nicolas.leroux@pires.com,placeatquos87
9528803,"2017-05-27 14:17:28",Henri,Masson,constance.hardy@menard.fr,nihilquisquam495
10532843,"2018-03-27 17:08:23",Danielle,Chauvin,william.morin@live.com,autdoloremque756
9838513,"2017-08-15 11:08:03",Patrick,Guerin,sylvie.lefort@rodriguez.fr,velitvoluptates649
9552103,"2017-05-31 20:21:53",Joséphine,Pruvost,morin.benoit@dbmail.com,etcommodi389
9145423,"2017-02-27 09:51:04",Roland,Alexandre,xmahe@gmail.com,utquo786
10191683,"2017-11-17 19:20:29",Daniel,Ferrand,lucy22@hamel.com,illoest838
10344563,"2018-01-13 17:50:24",Alex,Maury,znormand@gmail.com,autquia101
9227333,"2017-03-18 11:05:45",Maryse,"Le Goff",perrot.bernard@bouygtel.fr,etiusto52
9559533,"2017-06-02 22:53:34",René,Raymond,carre.audrey@orange.fr,repellendusvelit271
10390013,"2018-01-28 20:36:44",Martin,Giraud,eugene54@lagarde.com,nostrumdelectus14
9307513,"2017-04-08 04:41:55",Denis,Begue,margaud24@marques.fr,consequaturminima15
10530753,"2018-03-26 19:14:57",Joséphine,Weiss,susan.jacques@dbmail.com,consequunturet38
9066093,"2017-02-11 21:51:04",Margaud,Raymond,nmoreau@clerc.net,praesentiumdolor152
9117913,"2017-02-21 18:09:20",Georges,Chauvet,sauvage.augustin@hotmail.fr,quiadebitis256
10523773,"2018-03-23 15:14:16",Aurore,Albert,alice57@hotmail.fr,sedet125
9528433,"2017-05-27 14:02:18",David,Germain,fouquet.louis@pereira.fr,deseruntearum537
9298733,"2017-04-05 20:17:26",Éric,Roux,marty.jean@faivre.com,dolorquaerat512
9903293,"2017-08-29 19:52:15",Marine,Coste,ulegros@orange.fr,nisisoluta37
9036233,"2017-02-05 23:43:05",Capucine,Sanchez,patrick.lenoir@voila.fr,molestiaesuscipit644
9813183,"2017-08-10 13:04:07",Lucie,Poirier,hgrondin@brun.fr,providentcommodi85
9381453,"2017-04-24 19:51:09",Gabrielle,Besson,roche.pauline@wanadoo.fr,nostrumnisi224
10253113,"2017-12-11 21:03:24",Brigitte,Ribeiro,antoine.chretien@allain.com,errorrerum837
9146423,"2017-02-27 14:50:02",Richard,Gregoire,claire.begue@albert.fr,liberoculpa109
10455363,"2018-02-20 20:42:49",Charlotte,Humbert,auguste.picard@free.fr,adest794
9393443,"2017-04-27 19:21:38",Étienne,Pineau,tvallee@leclercq.net,repellatid79
9352623,"2017-04-18 01:50:58",Lucy,Vaillant,auger.michel@free.fr,doloribussed925
9632673,"2017-06-24 23:29:57",Pierre,Caron,patrick.barbier@antoine.net,etat360
9012713,"2017-02-01 18:29:48",Julie,Gaillard,olivie.chartier@pires.com,corruptioptio573
10200993,"2017-11-20 23:27:01",Bernard,Leger,timothee.collin@poulain.fr,suscipitet341
9328443,"2017-04-13 03:47:15",Gabriel,Bonnet,chauvin.josette@tele2.fr,atcum204
10082783,"2017-10-15 23:09:50",Luc,Bouchet,zmerle@vallet.com,sedarchitecto93
9626413,"2017-06-22 21:59:19",Michèle,Michel,thierry90@tele2.fr,autvoluptatem297
10474263,"2018-02-28 13:12:31",Georges,Marechal,claude.lacroix@thierry.fr,molestiasvelit842
9069973,"2017-02-12 15:28:57",Philippe,Guerin,gilbert.paul@chretien.com,debitissoluta728
8861233,"2017-01-01 18:31:07",Grégoire,Hoareau,laroche.honore@levy.com,nameum590
9055043,"2017-02-09 21:26:25",Marcelle,Jourdan,raynaud.juliette@vallet.fr,doloremomnis848
8897493,"2017-01-08 15:27:43",Thibaut,Morel,paulette58@charrier.fr,inpossimus724
9248883,"2017-03-23 21:37:02",Tristan,Lopez,eleconte@yahoo.fr,expeditaid13
9737093,"2017-07-22 20:22:39",Adrien,Cohen,dominique.lopes@wanadoo.fr,exercitationemdicta581
9553923,"2017-06-01 06:18:08",Alphonse,Roger,mmary@club-internet.fr,teneturcumque379
10336703,"2018-01-10 15:34:17",Marie,Boulay,gauger@wanadoo.fr,quismollitia655
10612803,"2018-05-12 04:23:53",Augustin,Pires,marguerite51@guerin.com,estcorrupti623
9032213,"2017-02-05 14:20:53",Manon,Etienne,leon.buisson@mahe.net,optiovoluptas610
8983773,"2017-01-26 22:26:01",Anne,Joly,gregoire.veronique@barthelemy.com,sintet41
9781423,"2017-08-02 05:42:57",Lorraine,Lamy,yblin@bouvier.com,illoet554
9631003,"2017-06-24 13:42:25",Océane,Robert,tristan.mendes@sfr.fr,voluptatibusquae568
10175813,"2017-11-12 15:15:14",Stéphane,Besnard,mlefevre@bouygtel.fr,consequaturconsectetur991
10054693,"2017-10-08 03:04:23",Laure,Gomez,sabine.denis@dbmail.com,quidemtempora553
9489253,"2017-05-19 10:18:11",Manon,Hoarau,veronique03@garcia.com,suntratione31
10182033,"2017-11-14 01:16:53",Isaac,Robert,zguillaume@gaillard.com,magnamet283
8991003,"2017-01-28 17:08:50",Olivier,Cohen,aimee.regnier@baron.com,voluptatibusquos616
9502973,"2017-05-22 21:34:57",Alice,Gros,lrolland@rey.net,mollitiamodi805
9143463,"2017-02-26 21:48:48",Jacqueline,Gomez,dufour.martine@tele2.fr,nonvoluptatibus212
9401883,"2017-04-29 21:50:58",Océane,Ruiz,valerie.colin@dubois.fr,harumvoluptas789
9137673,"2017-02-25 22:27:01",Alex,Leleu,isaac35@dijoux.org,etlibero337
8963753,"2017-01-22 20:05:46",Georges,Leclerc,richard.constance@bourdon.com,doloresvel997
9031793,"2017-02-05 12:49:05",Susanne,Maillot,joseph91@bouygtel.fr,quamrerum402
9954143,"2017-09-11 09:52:31",Franck,Laporte,traore.marie@wanadoo.fr,itaqueaut365
9744713,"2017-07-24 14:32:06",François,Marty,kcordier@michaud.fr,distinctiolabore492
9527113,"2017-05-27 13:41:36",Xavier,Didier,valentine36@club-internet.fr,sedquas447
10383623,"2018-01-26 17:03:12",Martine,Renard,bonnin.rene@delannoy.fr,siteos714
9955743,"2017-09-11 19:16:28",Joseph,Barbe,alexandre.ruiz@laposte.net,doloresvoluptatibus201
10182083,"2017-11-14 02:06:14",Véronique,Tessier,alexandre29@yahoo.fr,voluptatesodit32
9444753,"2017-05-08 22:36:45",Victoire,Perez,legrand.alain@laposte.net,quiquo465
10273083,"2017-12-18 22:26:46",Denise,Renault,techer.anais@robin.org,voluptatesa761
10313403,"2018-01-03 22:43:57",Valentine,"Da Costa",xdavid@yahoo.fr,nobisillo885
10173503,"2017-11-11 21:58:28",Arnaude,Besson,laurent.franck@barthelemy.net,hicminus158
8967753,"2017-01-23 17:04:26",Monique,"Le Goff",xrenaud@verdier.net,fugaipsa69
9562503,"2017-06-03 18:19:26",Simone,Blanc,georges17@maillet.net,estquidem581
9424723,"2017-05-05 15:38:39",Théodore,Morel,louis.daniel@free.fr,etquia318
8920103,"2017-01-13 18:51:46",Jacques,Wagner,ruiz.augustin@allard.com,aliasrerum161
9745583,"2017-07-24 18:23:22",Michel,Noel,antoine.chauvet@ifrance.com,quinon369
9314463,"2017-04-09 21:20:08",Claude,Rocher,riviere.xavier@gros.com,laboreblanditiis699
10219663,"2017-11-28 20:31:03",Guillaume,Delorme,valerie.regnier@rodrigues.com,omnistenetur655
9029783,"2017-02-04 23:17:31",Honoré,Boulanger,dimbert@club-internet.fr,possimussint222
10220783,"2017-11-29 13:35:12",Alexandria,Vidal,alexandrie94@ramos.fr,etatque804
10241413,"2017-12-07 19:27:51",Joseph,Charpentier,bernadette.gimenez@valentin.com,eteius544
9470903,"2017-05-14 16:52:19",Sabine,Peltier,alegros@orange.fr,quosaspernatur841
9092563,"2017-02-16 17:56:33",Élise,"Le Roux",dominique.collet@lelievre.fr,remaccusantium366
9177333,"2017-03-05 21:59:13",Gabriel,Pierre,marie.timothee@roger.org,undeat907
9950243,"2017-09-10 13:40:19",Patrick,Diallo,agilbert@royer.fr,hicvel244
10314083,"2018-01-04 02:06:26",Michelle,Bertin,dominique94@hotmail.fr,namreiciendis142
9920883,"2017-09-02 21:59:45",Michelle,Gay,margaud83@hotmail.fr,suntnumquam145
10281053,"2017-12-22 19:50:49",Gabrielle,Duval,mathilde44@leclercq.net,laborumsint293
10045123,"2017-10-04 22:10:12",Paul,Becker,bernier.maggie@salmon.com,voluptassoluta756
9479493,"2017-05-16 17:57:53",Clémence,Courtois,bchartier@laposte.net,omnisvitae684
9298973,"2017-04-05 21:04:38",François,Delahaye,alice99@blin.net,quisamet279
9609843,"2017-06-17 16:07:19",Capucine,Rolland,victor.ledoux@orange.fr,minusitaque192
9186193,"2017-03-07 22:51:25",Margot,Verdier,henri.ferrand@prevost.com,commodiea53
9882303,"2017-08-25 00:17:22",Odette,Blin,chantal24@letellier.org,fugiatitaque128
9355463,"2017-04-18 19:41:25",Christophe,Lejeune,rcharrier@yahoo.fr,voluptascupiditate61
9385103,"2017-04-25 17:45:55",Dorothée,Dumont,hebert.denis@orange.fr,nihilquis646
9953123,"2017-09-10 23:07:48",William,Simon,georges.lejeune@laposte.net,voluptatumdolor730
9368593,"2017-04-21 17:38:06",Aurore,Maurice,henriette.loiseau@chretien.com,laboriosamrepudiandae22
10043283,"2017-10-04 13:47:24",Hélène,Durand,fbenard@jacob.com,rerumaut311
9776073,"2017-08-01 00:31:43",Simone,Bourgeois,nmartineau@ifrance.com,itaquerem658
10282353,"2017-12-23 12:42:58",Nicolas,Maillard,alix.boyer@brun.net,minimatempore419
10046453,"2017-10-05 14:24:13",Roland,Leblanc,ibouvet@hotmail.fr,nullacorporis781
9142803,"2017-02-26 20:27:10",Benjamin,"Da Costa",dnormand@ifrance.com,rerumoccaecati816
8892643,"2017-01-07 19:06:29",Aurélie,Bazin,audrey43@bouygtel.fr,utquas826
10066023,"2017-10-11 14:01:18",Valentine,Foucher,margot85@hotmail.fr,minusin318
9238503,"2017-03-20 21:47:46",Céline,Philippe,jules.guillon@sfr.fr,porrovoluptatem198
9529763,"2017-05-27 14:47:13",Valérie,Joseph,gabriel.deschamps@peltier.net,quiaut84
9884383,"2017-08-25 17:42:55",Thérèse,Moreau,dmenard@chartier.fr,quiaut546
9939513,"2017-09-07 17:14:55",Capucine,Pascal,dlopes@langlois.org,fugiaterror313
10055993,"2017-10-08 14:19:30",Gérard,Sanchez,diane00@didier.com,adut529
10478573,"2018-03-02 13:51:29",Aimée,Baron,mathilde79@bertin.fr,expeditatempore331
10297133,"2017-12-29 13:29:14",Anastasie,Masson,moreau.vincent@gimenez.org,inventorebeatae757
10499473,"2018-03-11 21:38:03",Roland,Fischer,andree.grondin@lecomte.org,laudantiumsapiente759
9469233,"2017-05-14 11:07:21",Antoinette,Didier,didier.suzanne@wanadoo.fr,veroad130
10229263,"2017-12-02 19:33:26",Georges,Humbert,caron.yves@brun.com,temporeculpa920
8910393,"2017-01-11 11:34:19",Henriette,Royer,ferreira.zoe@guillou.fr,atquenon169
9123783,"2017-02-22 22:17:53",Bernadette,Gerard,michel59@baron.com,oditsint720
9170583,"2017-03-04 18:45:39",Franck,Martineau,hcousin@ifrance.com,nammodi112
9077393,"2017-02-13 17:33:48",Olivier,Foucher,blanc.luc@herve.fr,quorepudiandae881
9459093,"2017-05-11 19:34:53",Corinne,Andre,rolland.suzanne@chauvet.org,utperferendis761
9196473,"2017-03-10 17:02:40",Alice,Clement,robert.gerard@yahoo.fr,reiciendissit536
10427073,"2018-02-10 23:51:03",Lucy,Poulain,cdijoux@rocher.com,etab359
10527423,"2018-03-25 13:40:57",Madeleine,Delorme,renee.lamy@ifrance.com,assumendanihil763
9780563,"2017-08-01 23:43:51",Thibaut,Masson,dcollin@vallee.com,sintut804
10140323,"2017-11-01 20:17:29",Agathe,Blanchet,chauveau.nath@free.fr,esseid622
9037653,"2017-02-06 11:52:59",Gérard,Ruiz,hblanchard@martinez.org,excepturiest831
10280913,"2017-12-22 18:53:15",Juliette,Barbier,hoareau.agathe@olivier.com,eaquibusdam247
10131813,"2017-10-30 08:43:24",Marine,Salmon,pierre.renee@dbmail.com,doloremincidunt392
9063063,"2017-02-11 12:38:34",Yves,Loiseau,amelie89@noos.fr,estvoluptates253
9088193,"2017-02-15 19:24:42",Christelle,Barthelemy,benoit.courtois@nguyen.com,excepturinam587
10115033,"2017-10-25 12:52:44",Anastasie,Grenier,leger.noemi@voisin.fr,quodbeatae91
8957273,"2017-01-21 19:31:25",Paul,Toussaint,qbrunet@letellier.org,voluptatemitaque84
10463863,"2018-02-24 16:14:31",Luce,Gros,lmasson@bonnet.com,etnihil36
9172083,"2017-03-04 23:22:34",Luc,Mahe,oceane.dumas@lebrun.com,distinctioomnis367
10158323,"2017-11-06 18:55:02",Margot,Ollivier,nicolas.paulette@gmail.com,quamarchitecto791
9218003,"2017-03-15 12:21:28",Françoise,Renaud,vtorres@dbmail.com,evenietmolestiae815
9618143,"2017-06-19 22:37:58",Éric,Breton,bertrand.elisabeth@free.fr,eteum594
10089133,"2017-10-18 00:45:26",Philippe,Mathieu,augustin90@parent.fr,quiavero594
9560583,"2017-06-03 08:34:15",Mathilde,Dias,theophile.petitjean@orange.fr,autcorporis87
10645523,"2018-05-29 15:45:58",Élodie,Joseph,agnes.mathieu@hotmail.fr,utitaque124
10499913,"2018-03-11 23:35:10",Laetitia,Gomes,lucas72@evrard.com,etassumenda885
10211383,"2017-11-25 19:01:01",Augustin,Gilbert,marcelle.durand@charpentier.com,quisquamest107
10411683,"2018-02-05 22:28:44",Margaux,Brunet,yves94@lebrun.com,utquia21
10331043,"2018-01-08 22:06:39",Camille,Camus,theophile42@torres.fr,consequaturqui647
10277653,"2017-12-20 22:50:45",Margaux,Couturier,guilbert.guy@ifrance.com,absint247
9514493,"2017-05-25 21:40:15",Alexandre,Legros,margaud35@noos.fr,hicipsam858
8861943,"2017-01-01 20:38:44",Auguste,Guillot,pruvost.vincent@laposte.net,vitaecupiditate212
9954413,"2017-09-11 11:24:30",David,"De Oliveira",cblanc@gmail.com,velitqui550
9103043,"2017-02-18 20:09:07",Thibaut,Raymond,jacqueline.roger@clerc.com,eaplaceat580
10034903,"2017-10-02 12:29:22",Jeannine,Lefort,glacombe@yahoo.fr,iustoest556
10515003,"2018-03-18 22:08:01",Thomas,Marie,mdevaux@gmail.com,debitisid879
9024993,"2017-02-04 06:15:57",Luc,Dumont,andree.leroux@renault.net,voluptatemolestias464
10221383,"2017-11-29 17:37:26",Juliette,Benoit,adrienne.godard@tele2.fr,doloresconsequatur442
10205693,"2017-11-22 22:46:34",Joséphine,Fleury,salmon.alexandre@allard.fr,aliquama756
9543073,"2017-05-29 17:23:02",Rémy,Thibault,louis.fleury@bonnet.com,maximeest785
10275123,"2017-12-19 21:43:21",Luce,Laroche,chantal45@club-internet.fr,undeadipisci580
9446483,"2017-05-09 01:08:02",Isabelle,Girard,alves.frederic@ifrance.com,quiasit676
8974143,"2017-01-24 21:58:21",Gilbert,Carpentier,marc86@tiscali.fr,laudantiumimpedit451
10440043,"2018-02-15 00:55:50",Hugues,Pinto,chantal.seguin@brunel.com,totammaxime739
9596023,"2017-06-13 00:18:08",Olivie,Gimenez,jperret@gmail.com,commodifugit408
9133793,"2017-02-25 00:53:25",Marthe,Lucas,veronique.herve@payet.com,maximenecessitatibus217
9226643,"2017-03-18 01:56:14",Élisabeth,Briand,alice.michel@potier.net,voluptascupiditate266
9033003,"2017-02-05 16:43:44",Cécile,Gimenez,ledoux.hugues@dbmail.com,voluptateminus305
10298743,"2017-12-29 23:47:54",Adélaïde,Tanguy,laurence.laroche@free.fr,numquammagni958
9513503,"2017-05-25 17:28:16",Alexandrie,Jacob,emile69@bouygtel.fr,cumquequia20
9060963,"2017-02-10 23:26:53",Valentine,Duval,delaunay.anne@delorme.net,nonsed100
10016213,"2017-09-27 23:42:33",Vincent,Hebert,ulanglois@dbmail.com,omnisquam898
9444623,"2017-05-08 22:28:44",Léon,Payet,averdier@gaillard.org,natusdignissimos997
10461203,"2018-02-23 10:28:57",Théodore,Bourdon,julien87@dbmail.com,asperioresquo200
9665293,"2017-07-03 11:05:42",Alex,Mary,ehuet@tiscali.fr,voluptatibusut859
9796633,"2017-08-06 13:29:53",Renée,Mace,daniel.martin@valentin.fr,rerumaut901
10355913,"2018-01-17 21:22:19",René,Noel,costa.helene@legoff.fr,voluptatumsit673
8924643,"2017-01-14 18:28:39",Théophile,Brun,elaroche@wanadoo.fr,totamea527
10337423,"2018-01-10 19:50:53",Antoine,Dupuy,daniel81@orange.fr,autemvoluptas891
10282973,"2017-12-23 18:18:25",Bertrand,Marechal,virginie26@free.fr,estasperiores254
10369233,"2018-01-21 21:59:50",Nathalie,Menard,lorraine73@bernier.com,sapientemaiores478
9533443,"2017-05-27 21:05:54",Adrienne,Petitjean,leroy.laure@texier.fr,quossimilique192
10494483,"2018-03-09 21:55:28",Joseph,Ferreira,dupuis.denise@etienne.com,fugitsed510
9258213,"2017-03-26 14:12:06",Joséphine,Vallee,foucher.stephane@noos.fr,suntperspiciatis236
9194103,"2017-03-09 21:58:25",Andrée,Pascal,francois48@sfr.fr,quodaccusamus206
9609783,"2017-06-17 15:49:50",Jeannine,Collin,joseph.etienne@bertin.com,estquod308
9318433,"2017-04-10 20:53:51",Guy,Michaud,deschamps.thibaut@guillaume.net,voluptatibusillum958
9526083,"2017-05-27 13:37:26",Guillaume,Valentin,sophie92@hotmail.fr,reprehenderitsequi398
9897883,"2017-08-28 18:25:00",Valentine,Guillou,henriette.camus@hotmail.fr,ullamipsa218
10199813,"2017-11-20 15:01:26",Antoine,Renaud,rgimenez@laposte.net,nequeodit158
8957543,"2017-01-21 20:21:21",Jeannine,Rocher,cgillet@noos.fr,suntaperiam535
8910233,"2017-01-11 10:00:43",Diane,Delorme,llombard@boutin.com,sedtempore101
9869463,"2017-08-22 00:49:27",Danielle,Delmas,sanchez.julien@marin.net,illumeveniet488
9951123,"2017-09-10 16:38:07",Victoire,Cohen,adrien.marie@charles.com,inid104
10063433,"2017-10-10 18:31:41",Patricia,Masson,grenier.zacharie@free.fr,ullambeatae382
10056703,"2017-10-08 16:42:47",Roger,Jacquot,munoz.diane@gmail.com,cupiditateet935
9833723,"2017-08-14 10:27:27",Claude,Delaunay,barre.yves@noos.fr,consecteturlaboriosam829
9732493,"2017-07-21 16:45:51",Suzanne,Chretien,andre.neveu@jourdan.org,absimilique446
9198523,"2017-03-11 00:20:27",Adrienne,Legendre,henri64@ifrance.com,eumquis768
8966893,"2017-01-23 12:47:00",Corinne,Bourdon,riou.rene@jacques.fr,eosfugit690
8978593,"2017-01-25 20:33:44",Frédérique,Mendes,ddiaz@pinto.com,etnihil836
9306863,"2017-04-07 23:38:19",Henri,Fernandes,eperon@boucher.net,quitenetur856
9460283,"2017-05-11 23:22:28",Théophile,Meunier,henri82@jourdan.com,quodexpedita553
9393673,"2017-04-27 20:11:27",Julien,Guerin,aurore.regnier@merle.com,ipsaaliquam83
9156833,"2017-03-01 17:24:05",Noël,Bigot,chantal.durand@gmail.com,sedrepellat864
9635793,"2017-06-25 21:48:46",Manon,Bouvet,franck.lagarde@tiscali.fr,quislibero516
9401023,"2017-04-29 18:23:59",Thierry,Thomas,cmarion@laposte.net,utlibero605
9918913,"2017-09-02 14:14:58",Henriette,Gauthier,eugene90@schmitt.net,velitest876
10143533,"2017-11-02 16:50:45",Jérôme,Besnard,honore.normand@dupre.fr,molestiaeimpedit500
9814023,"2017-08-10 16:59:58",Capucine,Raynaud,crichard@lombard.net,possimusmaiores779
9232673,"2017-03-19 15:51:51",Olivier,Charrier,dominique81@guichard.net,autut735
10119083,"2017-10-26 18:52:28",Olivier,Maillet,jacques67@tiscali.fr,quodaut201
9390253,"2017-04-26 20:27:33",Marianne,Mahe,lucas.auger@coste.fr,eostempore962
9877243,"2017-08-23 21:46:33",Eugène,Lopez,isaac07@free.fr,sintaccusamus807
9564853,"2017-06-04 12:53:42",Amélie,Seguin,edouard76@teixeira.net,etomnis262
9167213,"2017-03-03 23:40:38",Étienne,Caron,benard.andre@wanadoo.fr,ullamadipisci218
9624163,"2017-06-22 00:37:25",Margaud,Gregoire,david.deoliveira@ifrance.com,recusandaedoloribus940
10635913,"2018-05-23 17:07:04",Christiane,Fischer,theophile17@voila.fr,doloreex979
9894153,"2017-08-27 22:14:09",Suzanne,Riviere,gilles22@fernandes.fr,quovelit815
9353043,"2017-04-18 08:25:52",Pierre,Guilbert,dorothee54@bernard.fr,possimuset877
10047523,"2017-10-05 20:54:15",Alexandria,"Le Gall",georges00@lacroix.org,perspiciatisdeserunt189
9741333,"2017-07-23 19:22:12",Dominique,Leclercq,barthelemy.martine@brunet.com,aliasnon571
9905483,"2017-08-30 07:50:10",Thibault,Leconte,fabre.theophile@noos.fr,velitlaudantium350
9261033,"2017-03-26 23:35:05",Gérard,Dupuis,pmarty@marie.net,laboreet211
10157753,"2017-11-06 16:17:28",Frédéric,Voisin,clemence53@tiscali.fr,quiiste206
10214943,"2017-11-26 21:23:22",Brigitte,Riviere,fontaine.gabriel@giraud.org,quaeratminus919
10032243,"2017-10-01 19:21:45",Jean,Lebon,guyot.marc@camus.com,doloreset858
9064173,"2017-02-11 16:09:51",Thérèse,Lacombe,zoe23@roux.com,quisequi578
10090323,"2017-10-18 14:55:26",Théodore,Moulin,antoinette.samson@guerin.com,molestiaecupiditate680
10527163,"2018-03-25 11:12:43",Gérard,Gros,boulay.veronique@bouygtel.fr,voluptatead653
10481503,"2018-03-03 21:09:40",Nathalie,Vincent,becker.josette@laposte.net,voluptaset333
10225233,"2017-12-01 09:39:47",Cécile,Hernandez,lucie19@lesage.fr,temporesit553
9685083,"2017-07-09 16:08:12",Gilles,Dumas,nrossi@loiseau.com,oditquis896
10318503,"2018-01-05 12:26:04",Claire,Guillot,veronique.alexandre@leclercq.org,dolorefugiat721
10573763,"2018-04-20 00:47:58",Roger,Legros,pbertin@orange.fr,nondeleniti912
10575853,"2018-04-21 16:33:34",Christine,Aubry,dupre.margaret@lecomte.com,inventorefugit310
9666123,"2017-07-03 15:13:04",Laurence,Leger,hardy.gilbert@neveu.net,eligendised504
10041563,"2017-10-03 22:43:04",Colette,Henry,henri.cousin@torres.fr,quibusdamillum408
9531033,"2017-05-27 16:15:25",Philippine,Ruiz,capucine98@alves.fr,utdebitis573
8862293,"2017-01-01 21:21:37",Charles,Collet,stephanie.morvan@bouvier.com,nonautem28
9867793,"2017-08-21 20:22:44",Adrien,Chevallier,isaac04@yahoo.fr,molestiaererum549
10576933,"2018-04-22 12:16:10",Marcel,Marion,olivier.marchand@free.fr,sapientesint567
10428013,"2018-02-11 10:00:03",Cécile,Ramos,seguin.margaux@wanadoo.fr,autnecessitatibus367
10236453,"2017-12-05 12:34:45",Capucine,Tessier,bgermain@wanadoo.fr,quislabore60
8950343,"2017-01-20 00:31:18",Xavier,Ferrand,guerin.denis@antoine.fr,officiaiste172
9850443,"2017-08-17 18:23:32",Aimé,Jacques,roy.amelie@lecoq.net,ipsumullam368
9238283,"2017-03-20 21:15:51",Laurent,Ferrand,fischer.julien@hoarau.fr,aperiamdolor384
9209543,"2017-03-13 12:08:32",Aimé,Collin,charlotte28@labbe.fr,dignissimosut939
9215513,"2017-03-14 19:09:33",Juliette,Normand,qperret@diallo.net,nobiseligendi0
9340833,"2017-04-15 22:59:49",Marine,Masse,marthe63@lemoine.fr,etnecessitatibus951
9430123,"2017-05-06 23:48:42",Marine,Germain,thierry.bruneau@francois.fr,veritatisperspiciatis939
10183593,"2017-11-14 18:10:09",Colette,Mahe,toussaint.margot@club-internet.fr,cupiditatemollitia131
9392013,"2017-04-27 09:32:06",Gilbert,Philippe,margaret53@georges.fr,atet428
9435213,"2017-05-08 02:00:57",Martine,Alves,mmarin@marchal.com,aliquidminus321
10305923,"2018-01-01 20:23:40",Antoine,"Da Silva",tberger@fleury.com,suntreiciendis671
10425153,"2018-02-10 15:15:08",Noémi,Bouvet,gferrand@voila.fr,suscipitut88
9756603,"2017-07-27 11:59:49",Antoine,Lenoir,vincent62@barre.org,fugiatquia487
9014203,"2017-02-01 22:36:40",Alphonse,Cousin,michelle.caron@sfr.fr,earumnihil133
9729983,"2017-07-20 21:35:25",Adèle,Carpentier,ngarcia@marty.com,excepturiet600
10542043,"2018-04-01 17:13:35",Claire,Robin,isanchez@marques.fr,ipsaut363
9204963,"2017-03-12 13:21:45",Isabelle,Chartier,legendre.claudine@payet.com,ametquis930
9931953,"2017-09-05 12:47:59",Jacqueline,Morin,raymond55@free.fr,blanditiisdeleniti930
9922463,"2017-09-03 09:53:21",Virginie,Reynaud,iferreira@boyer.fr,consecteturnisi701
9570783,"2017-06-05 20:55:19",Théodore,Colin,dweber@godard.net,perspiciatismolestiae75
9346193,"2017-04-16 22:24:09",Catherine,Lacroix,andre.martin@live.com,eaquesed502
9918533,"2017-09-02 12:02:48",Alexandrie,Salmon,leon.lopes@martin.com,rerumnumquam917
10371043,"2018-01-22 12:38:22",Jean,Bonneau,bertrand68@live.com,quosrerum701
8924893,"2017-01-14 19:19:04",Madeleine,Marques,charlotte65@wanadoo.fr,etea634
10543723,"2018-04-02 13:43:56",Hélène,Besson,eleonore26@monnier.com,temporelabore952
10002033,"2017-09-24 15:32:54",Hortense,Buisson,ilevy@menard.fr,voluptatumimpedit48
9326533,"2017-04-12 19:32:50",Hugues,Peron,charles.alfred@club-internet.fr,velet283
9309383,"2017-04-08 19:04:55",Grégoire,Picard,dominique.fabre@live.com,maioresut458
9172513,"2017-03-05 00:35:12",Bernadette,Poirier,louise62@wanadoo.fr,atqueculpa382
10299853,"2017-12-30 13:23:46",Gabriel,Besson,vallet.anais@toussaint.com,dolorin285
9464173,"2017-05-13 00:50:26",Hortense,Fontaine,kgauthier@tele2.fr,etvoluptatibus247
9430973,"2017-05-07 09:29:31",Élodie,Leroy,fernandez.nicolas@hamel.com,excepturiest901
9109093,"2017-02-19 21:09:45",Alfred,Lopes,umorin@orange.fr,nequeeligendi230
9662993,"2017-07-02 18:40:26",Maryse,Pascal,gomes.paulette@bouygtel.fr,eumdoloremque156
10304983,"2018-01-01 15:13:19",Suzanne,Lefort,raymond.hoareau@rolland.fr,blanditiishic305
9386843,"2017-04-25 23:22:32",Thierry,Nguyen,picard.roger@voila.fr,sitquisquam481
10545143,"2018-04-02 22:19:47",David,Royer,rbarre@hamel.fr,inincidunt381
9710203,"2017-07-16 19:16:00",Bertrand,Blanchet,zacharie.tessier@gomes.com,impeditvoluptatem55
10438703,"2018-02-14 14:46:30",Margaud,Bouchet,tjulien@gmail.com,quiamodi29
10326453,"2018-01-07 18:37:19",Théophile,Cordier,colas.elodie@poulain.fr,facereeos820
9938203,"2017-09-07 09:03:33",Pénélope,Hardy,andre.letellier@live.com,possimusadipisci230
9684653,"2017-07-09 13:21:18",Gabriel,Mace,reynaud.suzanne@riviere.com,enimut744
10588933,"2018-04-28 22:17:42",Frédéric,Julien,philippe.martine@pichon.net,sitcumque651
8882513,"2017-01-05 14:40:29",Philippe,Renault,claudine.leger@free.fr,molestiaesit408
8915643,"2017-01-12 17:12:09",Frédérique,Voisin,brun.gilles@brunet.fr,omnisest113
9171893,"2017-03-04 22:50:18",Margaret,Gerard,gomes.thomas@voila.fr,idsuscipit958
9336113,"2017-04-14 22:17:58",Isaac,Lefevre,isaac55@ifrance.com,etassumenda157
10591193,"2018-04-29 23:04:58",Jeanne,Dumont,vroyer@club-internet.fr,commodiassumenda707
9035623,"2017-02-05 22:11:58",Camille,Guerin,vmasson@girard.com,commodicupiditate174
10335663,"2018-01-10 03:46:45",Isabelle,Delahaye,guy.aubert@rossi.com,etest112
9405543,"2017-04-30 19:35:50",Colette,Gros,xnormand@jacquot.com,sedvitae889
9498803,"2017-05-21 20:12:32",Maurice,Huet,lefevre.diane@sfr.fr,delectusmolestiae98
9894793,"2017-08-27 23:41:09",Juliette,Wagner,amelie.barre@bouygtel.fr,temporecupiditate309
9372373,"2017-04-22 17:01:22",Martin,Ledoux,guillot.monique@clement.org,voluptatemsed632
10641693,"2018-05-26 23:55:51",Luc,Roux,wagner.paulette@ollivier.org,isteiusto619
9934783,"2017-09-06 08:34:20",Audrey,Bousquet,henry.franck@rousset.fr,inventoreexplicabo150
10022853,"2017-09-29 19:38:08",Hortense,Ollivier,menard.marguerite@yahoo.fr,molestiaealias172
9684563,"2017-07-09 12:36:55",Odette,Maury,suzanne67@sfr.fr,nostrumqui897
9136743,"2017-02-25 19:39:45",Margot,Rolland,fclerc@noos.fr,velnon39
9724603,"2017-07-19 17:44:09",Tristan,Etienne,lgaudin@nicolas.com,earepellendus297
10407703,"2018-02-04 16:31:42",Madeleine,Lambert,xlacombe@maillard.fr,automnis344
10620653,"2018-05-15 22:50:44",Astrid,Lopes,rene.costa@noos.fr,verout82
10337553,"2018-01-10 20:14:43",Michel,Texier,astrid49@gmail.com,reiciendisnihil757
9257923,"2017-03-26 13:17:45",Simone,Berger,qgerard@berthelot.fr,suscipitfacilis191
10038123,"2017-10-03 00:25:01",Thomas,Joseph,fhebert@tiscali.fr,numquamin808
9009053,"2017-01-31 21:22:28",Henri,Carlier,elanglois@francois.com,omnisiure912
10338223,"2018-01-10 23:24:49",Eugène,Barbier,claudine.vallet@wanadoo.fr,quiaiste158
10230883,"2017-12-03 14:51:12",Lucas,Lacombe,alphonse34@sfr.fr,autveritatis41
9228833,"2017-03-18 18:04:24",Matthieu,Ribeiro,bmathieu@colas.com,optioa621
9976473,"2017-09-17 13:05:36",Alix,Martineau,pages.arnaude@free.fr,doloremcommodi683
9953563,"2017-09-11 00:45:01",François,Chauvin,augustin99@henry.org,quisquamvoluptates48
9013983,"2017-02-01 22:10:15",Grégoire,Dumas,jeannine.fouquet@orange.fr,autea400
10655243,"2018-06-04 13:53:06",Charlotte,Bouvet,sebastien.guillaume@live.com,officiased809
9162223,"2017-03-02 20:01:35",Valentine,Riou,masse.laure@simon.com,nostrumquae310
10228543,"2017-12-02 14:37:45",Capucine,Blondel,jacques99@vallee.fr,sitnemo180
9647303,"2017-06-28 18:50:23",Margaret,Couturier,bonnin.jerome@sfr.fr,porronostrum575
9089583,"2017-02-15 23:11:57",Antoine,Noel,jgautier@laine.com,sedlibero502
10316253,"2018-01-04 19:36:25",Marcelle,Gilles,glambert@tiscali.fr,providentvoluptates185
10334723,"2018-01-09 22:18:40",Nicolas,Lecomte,wnoel@wanadoo.fr,eterror718
10493653,"2018-03-09 13:05:40",Geneviève,Verdier,nmendes@ledoux.fr,necessitatibusaut147
9467913,"2017-05-14 00:01:10",Stéphane,Muller,marthe.briand@dbmail.com,voluptasvoluptatibus880
9037883,"2017-02-06 12:46:10",Thibaut,Pasquier,couturier.josephine@wanadoo.fr,eostempora19
9019243,"2017-02-02 22:15:31",Élodie,Petit,jpineau@laposte.net,siteligendi812
9650253,"2017-06-29 12:33:03",Susan,Garnier,ines.giraud@vallet.net,veroexercitationem390
9032053,"2017-02-05 13:37:09",Monique,Breton,ggimenez@yahoo.fr,corruptiquaerat910
9476373,"2017-05-15 21:34:00",Zacharie,Bonnet,xroyer@paris.com,laborevoluptatibus940
9106273,"2017-02-19 12:59:53",Nicolas,Gillet,margot.ollivier@vincent.com,quideserunt197
10567143,"2018-04-15 16:52:07",Diane,Meyer,bodin.maryse@benoit.fr,autemaut184
9076723,"2017-02-13 15:17:17",Claude,Guibert,christine66@bousquet.com,saepequi126
9990893,"2017-09-21 16:32:20",Claudine,Royer,margot64@laposte.net,eiusiusto793
9827423,"2017-08-13 00:56:22",Marine,Vidal,hugues.legendre@live.com,atet530
9569633,"2017-06-05 16:23:05",Margot,Delahaye,gabriel.aubert@tele2.fr,solutasequi252
10638173,"2018-05-25 05:39:17",Gérard,Gosselin,ahumbert@free.fr,beataequi733
9765723,"2017-07-29 20:24:08",Roland,Bonnin,raymond01@seguin.com,idtotam419
9447313,"2017-05-09 06:48:35",Manon,Remy,philippe.martel@leduc.fr,officiiseum457
10425253,"2018-02-10 15:58:46",Sabine,Morel,zlaine@mallet.com,solutaquos669
10035603,"2017-10-02 16:20:37",Benjamin,Bernard,reynaud.rene@schmitt.org,insint113
9146203,"2017-02-27 13:45:53",Honoré,Lefebvre,briand.david@legendre.fr,suscipitpariatur575
9648743,"2017-06-28 23:43:05",Aurore,Clement,rey.marine@yahoo.fr,nesciuntsimilique700
9543113,"2017-05-29 17:32:27",Luc,Riou,chantal62@tiscali.fr,autquia569
8913273,"2017-01-11 22:38:50",Noël,Lopez,guillaume58@teixeira.org,accusantiumaut312
9539473,"2017-05-28 21:01:04",Michelle,Petitjean,guillaume.veronique@orange.fr,voluptateadipisci912
9092133,"2017-02-16 16:09:26",Sophie,Fleury,mboutin@dbmail.com,quoiusto444
8924563,"2017-01-14 18:05:24",Susan,Gaudin,cordier.honore@berthelot.com,utaperiam995
9547633,"2017-05-30 18:34:54",Guy,Hebert,william.picard@laposte.net,architectovoluptas748
10468903,"2018-02-26 04:08:12",Victoire,Grenier,ssanchez@voila.fr,inciduntperferendis548
9624933,"2017-06-22 12:01:05",Charles,Boulanger,michele15@noos.fr,saeperepellendus431
9363043,"2017-04-20 12:10:39",Aurore,Gay,ines28@wanadoo.fr,doloremperspiciatis315
9609883,"2017-06-17 16:22:00",Frédérique,Coulon,marc82@faivre.fr,quieius995
9197283,"2017-03-10 20:31:23",Michelle,Pages,leveque.philippe@laine.com,doloribusautem139
10124443,"2017-10-28 12:07:37",Charles,Fournier,monique41@dufour.net,estaut695
9162233,"2017-03-02 20:01:42",Grégoire,Lebrun,audrey.mallet@tele2.fr,sintenim420
10530613,"2018-03-26 18:24:57",Matthieu,Gallet,vfleury@hotmail.fr,accusantiumquis606
9313723,"2017-04-09 18:34:55",Lucas,Ferrand,andree89@dbmail.com,exquo463
10087173,"2017-10-17 13:42:25",Richard,Legendre,matthieu.regnier@dubois.com,laboriosamut460
9035323,"2017-02-05 21:30:09",Éric,Rey,erolland@club-internet.fr,errorplaceat555
10356373,"2018-01-17 23:49:51",Caroline,Pottier,anastasie.dias@orange.fr,delenitisint821
9355883,"2017-04-18 20:50:05",Colette,Wagner,luce28@voila.fr,voluptatemculpa899
10135263,"2017-10-31 11:38:20",Lorraine,Weiss,andree.lacombe@lacombe.fr,quiacum975
10330083,"2018-01-08 19:39:28",Yves,Munoz,roche.philippine@live.com,etquasi656
9040833,"2017-02-06 22:25:29",Théodore,Gilles,margaux.thomas@dumas.com,autvel326
9482443,"2017-05-17 15:01:44",Alfred,Guyot,thibaut98@free.fr,omnisnatus258
9537143,"2017-05-28 13:53:55",Étienne,Lefevre,adele46@munoz.com,quisquamea567
10188283,"2017-11-16 12:38:16",Madeleine,Hardy,raymond47@voila.fr,ducimusqui867
9043963,"2017-02-07 17:02:57",Victoire,Bouchet,ferrand.alfred@gmail.com,incidunteaque261
10351223,"2018-01-16 00:16:01",Alexandria,Camus,stephanie.dupre@allain.org,pariaturvoluptas660
10054983,"2017-10-08 09:48:59",Théophile,Chartier,roger.thierry@live.com,numquameaque757
9441683,"2017-05-08 19:54:48",Georges,Brun,jerome49@petit.com,adipisciquidem575
9591933,"2017-06-11 20:26:51",Caroline,Ferreira,cguyon@ifrance.com,eligendiitaque920
9019773,"2017-02-03 00:02:24",Alix,Vasseur,josette78@laposte.net,temporaconsectetur482
9124833,"2017-02-23 03:22:08",Suzanne,Richard,theophile.henry@hotmail.fr,atut401
10585203,"2018-04-26 21:19:40",Laure,Sauvage,costa.laetitia@pons.org,voluptascommodi504
9749613,"2017-07-25 15:46:09",Noémi,Blondel,oraynaud@peron.fr,omnisreprehenderit249
9332083,"2017-04-14 00:19:29",Anaïs,Sanchez,gcoulon@lesage.fr,autemreiciendis492
9489693,"2017-05-19 13:16:10",Geneviève,Perrin,emmanuel.etienne@gay.com,teneturnostrum433
9606083,"2017-06-16 14:37:28",Alice,Samson,alice.foucher@reynaud.fr,doloremat858
10249453,"2017-12-10 20:30:26",William,Leroy,rolland.thomas@wanadoo.fr,quismagni512
9480463,"2017-05-16 22:11:11",Marianne,Gros,gerard35@orange.fr,fugiatautem787
9031623,"2017-02-05 12:27:19",Marcel,Wagner,christiane.marques@tessier.com,iustoest712
9617243,"2017-06-19 18:12:01",Matthieu,Pottier,ablanchard@tele2.fr,repudiandaeeum406
9088283,"2017-02-15 19:39:48",Valentine,Martins,llucas@prevost.com,estexpedita685
9442463,"2017-05-08 20:31:45",Franck,Potier,jules.samson@vasseur.com,nullaut530
9370213,"2017-04-21 23:14:04",Jérôme,Mendes,lopes.penelope@noos.fr,vitaelibero220
9464803,"2017-05-13 10:44:27",Denise,Reynaud,louis.benjamin@noos.fr,inciduntsapiente793
8934623,"2017-01-16 14:55:11",Alix,Lefort,antoine60@hotmail.fr,rationeeaque731
9533653,"2017-05-27 21:29:37",Paul,Bourgeois,dleblanc@baudry.fr,voluptasexplicabo81
9844703,"2017-08-16 15:20:25",Paul,"Le Goff",caroline49@ifrance.com,cumqueut60
9210933,"2017-03-13 18:53:12",Luc,Brunet,louise.mallet@noos.fr,etrerum478
9001153,"2017-01-30 11:03:26",Claudine,Guillot,eric.lemaire@sfr.fr,nonaccusantium902
9627953,"2017-06-23 15:20:40",Jean,Barre,rolland.gilbert@morin.org,corporiscum848
9591663,"2017-06-11 19:43:10",Noémi,Gimenez,isaac87@wanadoo.fr,evenietet761
10143973,"2017-11-02 19:31:31",Marcelle,Delattre,frederic.grondin@tele2.fr,idporro464
8945823,"2017-01-18 22:45:08",Raymond,Guilbert,garcia.etienne@diaz.com,quiaeum935
8976473,"2017-01-25 13:58:43",Constance,Hoarau,wgoncalves@yahoo.fr,expeditaut258
9356193,"2017-04-18 21:30:37",Lorraine,Michel,arnaud.claire@baron.com,ipsamomnis30
9425393,"2017-05-05 19:46:44",Théodore,Lefort,lorraine.nguyen@tiscali.fr,illumenim843
9790943,"2017-08-04 18:30:32",Tristan,Boulanger,whebert@pascal.com,veritatisdistinctio469
10330543,"2018-01-08 21:21:14",Thibaut,Chretien,legall.sebastien@joubert.com,quaeratdistinctio915
10334793,"2018-01-09 22:26:26",Capucine,Pichon,zacharie26@hotmail.fr,sedullam657
10105473,"2017-10-22 21:32:48",Théophile,Gilles,olivier64@lefebvre.com,quasoptio779
9803543,"2017-08-08 00:28:21",Caroline,Leroux,clement.brigitte@gomes.com,impeditqui351
10230913,"2017-12-03 15:03:20",Guillaume,Lemonnier,emilie.gimenez@sfr.fr,autsed403
9532753,"2017-05-27 20:20:27",Pauline,Bertin,mpasquier@noos.fr,adipisciest694
9711563,"2017-07-16 23:19:26",Philippine,Richard,alexandria.duhamel@menard.fr,quiseos732
9480833,"2017-05-17 00:12:32",Nathalie,Rousset,krocher@besnard.fr,temporeid933
8940243,"2017-01-17 19:51:21",Charles,Lebon,zmaury@merle.com,eaqueest961
9241643,"2017-03-21 21:51:54",Claudine,Pons,lbuisson@bouygtel.fr,etpossimus345
9451453,"2017-05-09 21:49:28",Charlotte,Marchal,margaux27@tele2.fr,quiaea359
9219483,"2017-03-15 20:07:34",Jacques,Mary,martins.emilie@gmail.com,quibusdamqui880
9816323,"2017-08-11 03:59:10",Madeleine,Giraud,gaudin.alfred@free.fr,etvoluptates964
10278663,"2017-12-21 14:22:23",Marcel,Dijoux,remy.marcelle@dbmail.com,voluptatemautem745
10486293,"2018-03-05 22:01:01",Marcel,Lambert,zcaron@live.com,porroet107
9011713,"2017-02-01 14:18:29",Jérôme,Marques,regnier.sabine@sfr.fr,placeatex954
9023573,"2017-02-03 21:52:39",Marthe,Delahaye,guichard.virginie@noos.fr,uttempora310
10506633,"2018-03-15 12:19:17",Sylvie,Weber,bernard.morin@club-internet.fr,porrodolores968
9710433,"2017-07-16 19:46:43",Margaux,Adam,etienne.zacharie@leduc.com,eumenim947
10398033,"2018-01-31 21:49:44",Michel,Coulon,tmeyer@marchal.fr,explicaboomnis782
10335633,"2018-01-10 03:24:42",Juliette,Guichard,daniel16@noos.fr,autemvelit305
10645923,"2018-05-29 20:12:17",Pierre,Royer,adam.tristan@orange.fr,voluptatesdeserunt771
9053493,"2017-02-09 16:14:55",Anaïs,Petitjean,parent.louise@rodrigues.net,quiet527
9858073,"2017-08-19 17:53:23",Adrienne,Denis,martin61@ifrance.com,repellatvoluptatum803
9870093,"2017-08-22 07:53:44",Jacques,Etienne,fernandez.henri@sfr.fr,deseruntnesciunt407
9254123,"2017-03-25 12:18:49",Édouard,Rey,joseph48@bouygtel.fr,eosporro523
10386853,"2018-01-27 19:27:43",Célina,Perret,barbe.marguerite@gmail.com,natuset607
9457423,"2017-05-11 08:21:24",Lorraine,Bousquet,prevost.catherine@club-internet.fr,sintmolestiae205
10215633,"2017-11-27 01:08:49",Aimé,Gaillard,lecoq.ines@levy.net,enimut63
10311873,"2018-01-03 14:46:21",Marguerite,Coste,simone.morin@hamel.fr,debitisnon668
8882393,"2017-01-05 14:13:32",Michelle,Bazin,irousset@yahoo.fr,consequaturprovident199
9363103,"2017-04-20 12:32:04",Xavier,Schneider,dlouis@laposte.net,abneque58
9981133,"2017-09-18 15:51:53",Anne,Grenier,francois.clement@denis.com,culpadolore913
9375273,"2017-04-23 10:53:50",Noël,Cohen,normand.valentine@dupuy.fr,delectusveniam859
8970263,"2017-01-24 00:48:54",Susan,Marion,tessier.corinne@dbmail.com,nullatempora601
9451063,"2017-05-09 20:49:21",Olivier,Moulin,bazin.joseph@durand.net,exsunt679
9426543,"2017-05-06 02:24:50",Alain,Diaz,jules70@diaz.fr,etquod621
9809253,"2017-08-09 13:20:29",Anouk,Reynaud,michele.martel@free.fr,temporibusullam66
8996083,"2017-01-29 15:00:28",Marcelle,Legendre,leroux.celine@tele2.fr,nequevoluptatem743
9332563,"2017-04-14 02:57:19",Thomas,Dumont,munoz.raymond@delorme.net,aliquidqui766
10034063,"2017-10-02 03:29:49",Étienne,Rolland,sylvie97@riou.fr,inventoreinventore955
9946253,"2017-09-09 13:53:09",Denis,Grondin,diane.collet@club-internet.fr,quaeet554
9546853,"2017-05-30 15:51:15",Éric,Collet,voisin.agnes@free.fr,ipsumnobis373
10062733,"2017-10-10 13:43:37",Chantal,Rey,guerin.luc@noos.fr,velitimpedit120
10329623,"2018-01-08 17:07:30",Gilles,Simon,thierry21@noos.fr,inciduntassumenda868
9534303,"2017-05-27 23:25:47",Pénélope,Traore,alice81@hotmail.fr,rerumdolores343
10091423,"2017-10-18 20:38:51",Julie,Allard,marcel61@wanadoo.fr,inut144
8902033,"2017-01-09 12:00:52",Jeannine,Weiss,aubry.aimee@live.com,liberoinventore312
9446643,"2017-05-09 01:38:52",Honoré,Samson,cousin.thomas@lejeune.fr,accusantiumsed595
10274653,"2017-12-19 18:34:50",Louise,Valette,anastasie46@tiscali.fr,undedeleniti25
9128493,"2017-02-23 22:25:48",Lorraine,Hardy,margaret52@lebon.com,quodet48
8898753,"2017-01-08 18:57:54",Françoise,Pires,genevieve.lelievre@voila.fr,etillo610
9766383,"2017-07-29 23:00:57",Paul,Ferreira,michele31@weber.fr,utdolor694
9634973,"2017-06-25 18:15:30",Corinne,Godard,pguyot@sfr.fr,hicnon383
9192013,"2017-03-09 13:44:34",Danielle,Joly,perez.pierre@dupont.fr,quiid340
8932593,"2017-01-15 23:09:15",Antoinette,Bazin,francoise69@gauthier.com,sitvoluptatum902
9341763,"2017-04-16 01:44:41",Édouard,Rousseau,guillot.roland@marin.com,cumdolore116
9507173,"2017-05-23 22:21:26",Monique,Lagarde,odette.lombard@ifrance.com,pariaturet433
10244303,"2017-12-09 00:54:46",Auguste,Gillet,roland33@wanadoo.fr,quasex262
9313843,"2017-04-09 19:04:52",Nathalie,Boyer,oclement@bouygtel.fr,utfugit419
8876233,"2017-01-04 09:14:27",Jean,Guyon,patrick25@joseph.fr,consequaturassumenda169
9969283,"2017-09-15 16:51:16",Thibaut,Rey,colas.theodore@yahoo.fr,isteut982
8963823,"2017-01-22 20:13:25",Émilie,Colas,hernandez.isabelle@meyer.com,suscipitex950
9536303,"2017-05-28 11:41:12",Gabrielle,Grondin,zmace@tiscali.fr,quosvero649
9857113,"2017-08-19 13:38:45",Sabine,Gilbert,lagarde.marcelle@voila.fr,impediteos741
8962113,"2017-01-22 16:34:17",Inès,"Da Costa",rmarques@courtois.com,etdeleniti613
10348433,"2018-01-14 22:47:22",Dorothée,Leroy,ferrand.alexandria@laurent.com,fugiatquo917
9392873,"2017-04-27 15:27:43",Hélène,Lombard,monique39@bouygtel.fr,doloremquequia537
9814243,"2017-08-10 18:08:40",Jérôme,Lecoq,oceane.chevalier@sfr.fr,etsimilique792
9506543,"2017-05-23 20:25:17",Franck,Lemonnier,hnguyen@godard.com,autvoluptas22
10395973,"2018-01-31 00:54:40",Patrick,Raynaud,antoinette45@laposte.net,iureanimi855
10151733,"2017-11-04 21:35:35",Théodore,Vasseur,rbrunel@sfr.fr,consecteturdolore39
9595933,"2017-06-12 23:38:42",Adrienne,Diaz,renard.claude@live.com,consectetureius123
9534173,"2017-05-27 22:48:50",Madeleine,Munoz,kperrier@gmail.com,quisincidunt744
8934293,"2017-01-16 13:09:27",Alphonse,Fabre,jfoucher@live.com,fugadignissimos711
10220603,"2017-11-29 12:15:33",Sébastien,Mace,rodrigues.matthieu@wanadoo.fr,quisquamaut620
9758343,"2017-07-27 20:20:29",Anne,Navarro,tlaporte@martins.com,namab496
10355123,"2018-01-17 16:35:31",Constance,Colas,bpelletier@sfr.fr,sedsapiente694
8994273,"2017-01-29 08:53:52",Cécile,Grenier,kpasquier@gmail.com,veniameaque211
9355153,"2017-04-18 18:38:27",Xavier,Bernard,guyon.robert@joseph.com,quaesequi215
9678413,"2017-07-06 20:23:59",Joseph,Lemoine,dominique.cousin@yahoo.fr,velrepellat547
10066043,"2017-10-11 14:02:54",Jacques,Boucher,chantal45@hotmail.fr,atmodi103
10607183,"2018-05-09 01:01:20",Sébastien,Colin,alphonse.bonneau@tele2.fr,minimaaliquid805
10601163,"2018-05-05 12:01:53",Daniel,Lopez,xlemaitre@voila.fr,quiaut491
10079553,"2017-10-15 10:49:56",Hortense,Teixeira,pierre75@legoff.fr,distinctiout817
10185823,"2017-11-15 12:55:02",Isaac,Neveu,adele.klein@hoareau.fr,rationerepellendus809
10089713,"2017-10-18 11:17:16",Maurice,Gomez,laure38@laposte.net,ullamtemporibus279
9582713,"2017-06-09 09:48:50",Pierre,Barthelemy,christine.poirier@faure.com,quidolorem905
9208503,"2017-03-13 00:05:52",Claude,Richard,anastasie.boyer@hotmail.fr,estlaboriosam673
10281093,"2017-12-22 20:28:10",Joseph,Roux,joseph.maillet@gmail.com,veroquidem428
10301453,"2017-12-30 22:04:10",Susanne,Lagarde,chartier.matthieu@becker.com,ducimussit15
8985013,"2017-01-27 09:07:52",Patrick,Leduc,iraynaud@sfr.fr,etvoluptas668
8902203,"2017-01-09 12:55:50",Josette,Martins,laure29@live.com,autexcepturi892
10548033,"2018-04-04 17:24:41",Frédéric,Guerin,gregoire.ferreira@noos.fr,utqui861
10040513,"2017-10-03 19:53:14",Céline,Olivier,henri.marie@voila.fr,eumex188
10613073,"2018-05-12 11:55:28",Lorraine,Fleury,vincent45@ifrance.com,cupiditatemagni245
9626993,"2017-06-23 04:28:46",Emmanuelle,Hoarau,adrien92@free.fr,modimolestiae791
9155483,"2017-03-01 11:23:58",Margaud,Delahaye,emile.bouvier@renaud.org,rerumconsequuntur975
10096803,"2017-10-20 13:05:42",Margaux,Nicolas,guillaume.christine@labbe.org,omnisvoluptas493
9413753,"2017-05-02 15:56:19",Noël,Martinez,guerin.christiane@orange.fr,reiciendisimpedit796
9488143,"2017-05-18 22:50:16",Matthieu,Dufour,boulanger.jeannine@bouygtel.fr,nonvoluptatem59
9278103,"2017-03-31 22:44:04",Luce,Reynaud,jean47@club-internet.fr,omnisquas204
10656623,"2018-06-05 06:50:06",Aimée,Hubert,gabrielle.langlois@brunel.com,omnisenim521
9946383,"2017-09-09 14:29:21",Alain,Chevalier,dbaron@voila.fr,doloremamet0
10589943,"2018-04-29 13:44:48",Victoire,Charrier,dias.marc@raynaud.net,quaerataspernatur989
9891343,"2017-08-27 11:47:14",Claire,Gaillard,emilie71@rocher.com,rerumamet201
9289773,"2017-04-03 20:18:26",Anouk,Petitjean,asanchez@laposte.net,solutacupiditate270
9655243,"2017-06-30 19:05:57",Patricia,Andre,gaillard.tristan@orange.fr,suntquis251
10320593,"2018-01-05 23:03:46",Cécile,Hoarau,torres.ines@bouygtel.fr,optioest806
9609273,"2017-06-17 12:58:22",Antoinette,Vallee,charles.bouvet@sfr.fr,mollitiaenim193
9852573,"2017-08-18 02:11:47",Charles,Evrard,raymond.thibault@blondel.fr,nisiconsequatur212
10558793,"2018-04-10 14:38:58",Emmanuelle,Blot,patricia84@wanadoo.fr,ipsaaccusamus965
9455163,"2017-05-10 18:06:01",Laurent,Tessier,emile.delaunay@evrard.com,utfugiat439
9551083,"2017-05-31 16:08:37",Monique,Dumont,fournier.marie@wagner.net,laborumquasi879
9606633,"2017-06-16 17:09:51",Joseph,Guyot,noel.louis@sfr.fr,namut454
9563303,"2017-06-03 22:33:15",Henri,Lefort,corinne.leclerc@orange.fr,suscipitmagni331
10233523,"2017-12-04 14:48:32",Alphonse,Guillet,adele75@wanadoo.fr,laborumaliquid148
8926153,"2017-01-14 23:41:05",Luc,Jourdan,fernandes.honore@gmail.com,maioressit493
9440383,"2017-05-08 19:07:20",Charlotte,Hebert,elisabeth.teixeira@hotmail.fr,utin306
10166543,"2017-11-09 17:45:37",Benoît,Ribeiro,sylvie.jean@yahoo.fr,temporaest917
9539483,"2017-05-28 21:02:24",Franck,Leger,rhumbert@voila.fr,similiquedoloribus579
9240913,"2017-03-21 18:49:34",Thibault,Chretien,clemence32@bourdon.com,facerefugiat675
8900233,"2017-01-08 22:31:53",Richard,Benoit,auguste24@hoareau.fr,adaliquid667
8972793,"2017-01-24 18:06:33",Anouk,Rey,ndelaunay@club-internet.fr,teneturut318
10016433,"2017-09-28 01:45:32",Émile,"Da Costa",caroline28@gautier.org,reiciendisporro305
9273153,"2017-03-30 18:06:47",Gilles,Thomas,athomas@guibert.fr,etpariatur695
9372543,"2017-04-22 17:31:07",Sabine,Salmon,schneider.alphonse@club-internet.fr,dignissimosqui2
10518923,"2018-03-21 00:13:59",Maryse,Pasquier,marin.laure@free.fr,quisquamest731
10153893,"2017-11-05 14:26:07",Adrien,"Le Goff",susan64@allard.com,autoccaecati878
9556383,"2017-06-01 22:09:16",Jérôme,Morvan,stephanie48@gallet.net,cupiditatevelit676
9924833,"2017-09-03 18:44:53",Anaïs,Hebert,solivier@leroy.fr,dignissimoset4
9465973,"2017-05-13 16:39:33",Louise,Munoz,fdeoliveira@briand.com,natuslaborum498
9161953,"2017-03-02 19:08:49",Émile,Hardy,sylvie.bouchet@vallee.fr,omnisid652
9378213,"2017-04-23 21:01:04",Roger,Foucher,ylabbe@leleu.com,eaomnis44
9551853,"2017-05-31 19:37:25",Constance,Chartier,lacombe.jean@mendes.com,occaecatirecusandae877
8944513,"2017-01-18 18:48:17",Thierry,Colas,andree.klein@tele2.fr,quiest854
9684253,"2017-07-09 09:31:31",Agathe,Perret,lucas.arnaud@moreno.com,quiautem941
9859313,"2017-08-19 22:51:12",Margot,Brun,thomas.alexandre@tele2.fr,utaspernatur902
9989933,"2017-09-21 07:20:13",Claude,Delorme,franck73@ledoux.fr,quamaperiam294
9468353,"2017-05-14 01:37:07",Benoît,Julien,oceane15@wanadoo.fr,doloremquenemo864
9562523,"2017-06-03 18:27:48",Anaïs,Ramos,roy.frederique@menard.com,autsint114
10221163,"2017-11-29 16:13:18",Susan,Monnier,lacombe.marine@free.fr,quisdignissimos585
9318483,"2017-04-10 20:56:22",Jacqueline,Bodin,philippine90@hernandez.fr,accusantiumex288
10331613,"2018-01-08 23:14:23",Juliette,Robert,marc.lopes@lelievre.com,inciduntdolorum168
9413873,"2017-05-02 16:30:44",Camille,Perrot,lecoq.luce@wanadoo.fr,quidolores723
10364013,"2018-01-20 17:44:45",Colette,Lecoq,hfoucher@fleury.org,utdistinctio955
9294463,"2017-04-04 21:53:32",Hugues,Mace,emorvan@denis.fr,cupiditatequis537
10053173,"2017-10-07 17:50:33",Adèle,Vincent,palves@voila.fr,etoptio753
9950103,"2017-09-10 13:11:34",Odette,Mallet,gillet.zoe@marie.org,eaqui265
9536443,"2017-05-28 12:07:13",Adrien,Guillot,maurice.alexandre@garcia.fr,voluptateeveniet315
9491863,"2017-05-19 22:31:39",Augustin,Devaux,weber.suzanne@laposte.net,quisquibusdam307
10406393,"2018-02-04 09:07:07",Frédéric,Carre,guyon.david@dbmail.com,fugiatofficiis227
10028983,"2017-10-01 02:16:14",Henriette,Durand,legrand.georges@free.fr,molestiasrem408
10206233,"2017-11-23 08:38:05",Édouard,Leger,nicolas.gonzalez@diallo.net,facilisaut189
9849773,"2017-08-17 14:51:31",Michel,Alves,jeannine87@leblanc.fr,delenitiasperiores298
9584843,"2017-06-09 22:20:49",Agathe,Faivre,carpentier.lucas@perrin.com,aspernaturaut111
9109953,"2017-02-19 22:50:33",Élisabeth,Renault,rocher.roger@noos.fr,animicum57
9149793,"2017-02-27 23:48:10",Juliette,Maury,berger.victoire@pruvost.fr,namenim474
9886023,"2017-08-26 00:31:24",Josette,Goncalves,petitjean.isabelle@dacosta.fr,voluptatibusa638
9344643,"2017-04-16 18:04:57",Timothée,Delannoy,wmendes@paris.net,evenietdolore507
9439943,"2017-05-08 18:50:42",Eugène,Leconte,patricia51@martel.org,odiodolorem84
9335183,"2017-04-14 19:22:56",Alice,Garnier,jpotier@ifrance.com,quonostrum212
9001393,"2017-01-30 12:22:44",Franck,Perrin,christiane.pelletier@wanadoo.fr,quibusdamet483
10148413,"2017-11-03 22:31:22",Gilles,Delmas,imartinez@tele2.fr,aperiamdistinctio849
10200263,"2017-11-20 18:42:45",Guillaume,Diallo,aurore45@noos.fr,autquod221
9663423,"2017-07-02 20:20:05",Michelle,Gomes,joseph.laurent@sfr.fr,doloresnihil237
9166073,"2017-03-03 19:19:57",Joseph,Perrot,adelmas@nicolas.org,suntmaxime971
9444973,"2017-05-08 22:48:45",Bernadette,Gerard,nathalie.lecoq@hotmail.fr,maximein895
10225483,"2017-12-01 12:53:23",Paulette,Pons,margot.bonnin@wanadoo.fr,iustodignissimos518
10346683,"2018-01-14 14:24:17",Hortense,Jourdan,bernard.bonneau@thomas.com,autat953
9825123,"2017-08-12 18:03:06",Alphonse,Ferreira,jmorvan@leclerc.com,suntaliquam771
9495873,"2017-05-21 00:07:36",Julien,Louis,aurelie.pineau@laposte.net,voluptasfugiat96
9575243,"2017-06-07 00:33:23",Daniel,Blanchard,lemaire.olivier@live.com,quisut776
9427143,"2017-05-06 12:03:00",Édith,Daniel,perret.sophie@live.com,quisquamin956
9989333,"2017-09-20 23:20:32",Paulette,Jacquet,aimee.durand@toussaint.fr,essevel715
10182103,"2017-11-14 02:07:17",Adrien,Martin,jlemoine@dbmail.com,undeaut133
9471793,"2017-05-14 19:52:34",Aimée,Michaud,claire80@martineau.com,asperioresdistinctio352
9145663,"2017-02-27 11:23:16",Aimée,Martins,michele16@yahoo.fr,cumlabore194
9702903,"2017-07-14 15:40:22",Joseph,Barre,isabelle71@ifrance.com,quiaut736
10379543,"2018-01-25 02:28:43",Thérèse,Fontaine,guillot.jeanne@sauvage.fr,quasirem237
9663353,"2017-07-02 20:03:44",Agnès,Merle,antoine84@jacquet.org,asperioresexercitationem441
